"","Branch","FIELDID","StreamName","Year","DateSampled","Common_Name","Quanity","Length","Final_FIELDID","COMID"
"1","Middle","bishopcr10","BishopCr10",1972,"June/ July","nfc",0,"0","bishopcr10","10849424"
"2","Middle","bishopcr9","BishopCr9",1972,"June/ July","bluegill",4,"0","bishopcr9","10849434"
"3","Middle","bishopcr9","BishopCr9",1972,"June/ July","central mudminnow",1,"0","bishopcr9","10849434"
"4","Middle","bishopcr9","BishopCr9",1972,"June/ July","creek chub",1,"0","bishopcr9","10849434"
"5","Middle","bishopcr9","BishopCr9",1972,"June/ July","fathead minnow",85,"0","bishopcr9","10849434"
"6","Middle","bishopcr9","BishopCr9",1972,"June/ July","green sunfish",5,"0","bishopcr9","10849434"
"7","Middle","bishopcr9","BishopCr9",1972,"June/ July","pumpkinseed",18,"0","bishopcr9","10849434"
"8","Middle","evan10","EvansDitch",1972,"June/ July","fathead minnow",2,"0","evan5","10849456"
"9","Middle","franklin11","Franklin11",1972,"June/ July","creek chub",1,"0","franklin11","10850302"
"10","Middle","franklin11","Franklin11",1972,"June/ July","white sucker",5,"0","franklin11","10850302"
"11","Middle","franklin12","Franklin12",1972,"June/ July","blacknose dace",6,"0","frank1","10848522"
"12","Middle","franklin12","Franklin12",1972,"June/ July","common shiner",1,"0","frank1","10848522"
"13","Middle","franklin12","Franklin12",1972,"June/ July","creek chub",1,"0","frank1","10848522"
"14","Middle","franklin12","Franklin12",1972,"June/ July","white sucker",4,"0","frank1","10848522"
"15","Middle","franklin13","Franklin13",1972,"June/ July","blacknose dace",9,"0","frank2","10848482"
"16","Middle","franklin13","Franklin13",1972,"June/ July","central stoneroller",42,"0","frank2","10848482"
"17","Middle","franklin13","Franklin13",1972,"June/ July","creek chub",5,"0","frank2","10848482"
"18","Middle","franklin13","Franklin13",1972,"June/ July","mottled sculpin",5,"0","frank2","10848482"
"19","Middle","johnson13","JohnsonCreek13",1972,"June/ July","blacknose dace",6,"0","john6","10850134"
"20","Middle","johnson13","JohnsonCreek13",1972,"June/ July","brook stickleback",1,"0","john6","10850134"
"21","Middle","johnson13","JohnsonCreek13",1972,"June/ July","creek chub",7,"0","john6","10850134"
"22","Middle","johnson13","JohnsonCreek13",1972,"June/ July","white sucker",1,"0","john6","10850134"
"23","Middle","johnson14","JohnsonCreek14",1972,"June/ July","blacknose dace",22,"0","johnson14","10850134"
"24","Middle","johnson14","JohnsonCreek14",1972,"June/ July","central stoneroller",25,"0","johnson14","10850134"
"25","Middle","johnson14","JohnsonCreek14",1972,"June/ July","creek chub",17,"0","johnson14","10850134"
"26","Middle","johnson14","JohnsonCreek14",1972,"June/ July","johnny darter",3,"0","johnson14","10850134"
"27","Middle","johnson14","JohnsonCreek14",1972,"June/ July","mottled sculpin",11,"0","johnson14","10850134"
"28","Middle","johnson14","JohnsonCreek14",1972,"June/ July","pumpkinseed",1,"0","johnson14","10850134"
"29","Middle","johnson14","JohnsonCreek14",1972,"June/ July","rainbow darter",3,"0","johnson14","10850134"
"30","Middle","johnson14","JohnsonCreek14",1972,"June/ July","redside dace",1,"0","johnson14","10850134"
"31","Middle","johnson15","JohnsonCreek15",1972,"June/ July","central stoneroller",1,"0","john3","10849522"
"32","Middle","johnson15","JohnsonCreek15",1972,"June/ July","creek chub",8,"0","john3","10849522"
"33","Middle","johnson15","JohnsonCreek15",1972,"June/ July","mottled sculpin",1,"0","john3","10849522"
"34","Middle","johnson15","JohnsonCreek15",1972,"June/ July","rainbow darter",1,"0","john3","10849522"
"35","Middle","johnson15","JohnsonCreek15",1972,"June/ July","redside dace",2,"0","john3","10849522"
"36","Middle","johnson15","JohnsonCreek15",1972,"June/ July","white sucker",1,"0","john3","10849522"
"37","Middle","johnson16","JohnsonCreek16",1972,"June/ July","blacknose dace",4,"0","john7","10849568"
"38","Middle","johnson16","JohnsonCreek16",1972,"June/ July","brook stickleback",2,"0","john7","10849568"
"39","Middle","johnson16","JohnsonCreek16",1972,"June/ July","central mudminnow",2,"0","john7","10849568"
"40","Middle","johnson16","JohnsonCreek16",1972,"June/ July","central stoneroller",7,"0","john7","10849568"
"41","Middle","johnson16","JohnsonCreek16",1972,"June/ July","creek chub",5,"0","john7","10849568"
"42","Middle","johnson16","JohnsonCreek16",1972,"June/ July","mottled sculpin",4,"0","john7","10849568"
"43","Middle","johnson16","JohnsonCreek16",1972,"June/ July","white sucker",5,"0","john7","10849568"
"44","Lower","lower1","LowerBranch1",1972,"June/ July","green sunfish",2,"0","lower1","10849762"
"45","Lower","lower1","LowerBranch1",1972,"June/ July","pumpkinseed",1,"0","lower1","10849762"
"46","Lower","lower10","LowerBranch10",1972,"June/ July","green sunfish",2,"0","lower10","10849708"
"47","Lower","lower10","LowerBranch10",1972,"June/ July","white sucker",3,"0","lower10","10849708"
"48","Lower","lower11","LowerBranch11",1972,"June/ July","central stoneroller",5,"0","fel6","10849704"
"49","Lower","lower11","LowerBranch11",1972,"June/ July","common shiner",1,"0","fel6","10849704"
"50","Lower","lower11","LowerBranch11",1972,"June/ July","creek chub",10,"0","fel6","10849704"
"51","Lower","lower11","LowerBranch11",1972,"June/ July","mottled sculpin",5,"0","fel6","10849704"
"52","Lower","lower2","LowerBranch2",1972,"June/ July","goldfish",1,"0","lr-4","10849790"
"53","Lower","lower2","LowerBranch2",1972,"June/ July","common carp",4,"0","lr-4","10849790"
"54","Lower","lower2","LowerBranch2",1972,"June/ July","creek chub",4,"0","lr-4","10849790"
"55","Lower","lower3","LowerBranch3",1972,"June/ July","creek chub",1,"0","lower3","10849790"
"56","Lower","lower3","LowerBranch3",1972,"June/ July","green sunfish",1,"0","lower3","10849790"
"57","Lower","lower3","LowerBranch3",1972,"June/ July","fathead minnow",3,"0","lower3","10849790"
"58","Lower","lower2","LowerBranch2",1972,"June/ July","fathead minnow",3,"0","lr-4","10849790"
"59","Lower","lower2","LowerBranch2",1972,"June/ July","rock bass",1,"0","lr-4","10849790"
"60","Lower","lower2","LowerBranch2",1972,"June/ July","white sucker",4,"0","lr-4","10849790"
"61","Lower","lower4","LowerBranch4",1972,"June/ July","brook stickleback",2,"0","lower4","10849794"
"62","Lower","lower4","LowerBranch4",1972,"June/ July","common carp",2,"0","lower4","10849794"
"63","Lower","lower4","LowerBranch4",1972,"June/ July","central stoneroller",4,"0","lower4","10849794"
"64","Lower","lower4","LowerBranch4",1972,"June/ July","creek chub",2,"0","lower4","10849794"
"65","Lower","lower4","LowerBranch4",1972,"June/ July","fathead minnow",12,"0","lower4","10849794"
"66","Lower","lower4","LowerBranch4",1972,"June/ July","northern redbelly dace",36,"0","lower4","10849794"
"67","Lower","lower6","LowerBranch6",1972,"June/ July","brook stickleback",1,"0","fowl2","10849786"
"68","Lower","lower6","LowerBranch6",1972,"June/ July","central mudminnow",2,"0","fowl2","10849786"
"69","Lower","lower6","LowerBranch6",1972,"June/ July","creek chub",3,"0","fowl2","10849786"
"70","Lower","lower6","LowerBranch6",1972,"June/ July","fathead minnow",1,"0","fowl2","10849786"
"71","Lower","lower7","LowerBranch7",1972,"June/ July","fathead minnow",1,"0","fowl4","10849812"
"72","Lower","lower8","LowerBranch8",1972,"June/ July","nfc",0,"0","nfowl","10849780"
"73","Lower","lower9","LowerBranch9",1972,"June/ July","brown bullhead",1,"0","will2","10850148"
"74","Lower","lower9","LowerBranch9",1972,"June/ July","fathead minnow",2,"0","will2","10850148"
"75","Lower","lower9","LowerBranch9",1972,"June/ July","green sunfish",2,"0","will2","10850148"
"76","Lower","lower9","LowerBranch9",1972,"June/ July","white sucker",5,"0","will2","10850148"
"77","Main","main1dnr","Main1",1972,"June/ July","nfc",0,"0","mn-4","10850152"
"78","Main","main2dnr","Main2",1972,"June/ July","common carp",2,"0","mn-2","10849618"
"79","Main","main2dnr","Main2",1972,"June/ July","fathead minnow",1,"0","mn-2","10849618"
"80","Main","main3dnr","Main3",1972,"June/ July","common shiner",2,"0","main6","10849438"
"81","Main","main3dnr","Main3",1972,"June/ July","creek chub",3,"0","main6","10849438"
"82","Main","main3dnr","Main3",1972,"June/ July","fathead minnow",5,"0","main6","10849438"
"83","Main","main3dnr","Main3",1972,"June/ July","white sucker",12,"0","main6","10849438"
"84","Main","main4dnr","Main4",1972,"June/ July","bluegill",7,"0","peb4","10849412"
"85","Main","main4dnr","Main4",1972,"June/ July","common carp",1,"0","peb4","10849412"
"86","Main","main4dnr","Main4",1972,"June/ July","common shiner",7,"0","peb4","10849412"
"87","Main","main4dnr","Main4",1972,"June/ July","creek chub",1,"0","peb4","10849412"
"88","Main","main4dnr","Main4",1972,"June/ July","fathead minnow",12,"0","peb4","10849412"
"89","Main","main4dnr","Main4",1972,"June/ July","longear sunfish",3,"0","peb4","10849412"
"90","Main","main4dnr","Main4",1972,"June/ July","white sucker",68,"0","peb4","10849412"
"91","Main","main5dnr","Main5",1972,"June/ July","blacknose dace",1,"0","dnr9","10848522"
"92","Main","main5dnr","Main5",1972,"June/ July","bluegill",1,"0","dnr9","10848522"
"93","Main","main5dnr","Main5",1972,"June/ July","creek chub",6,"0","dnr9","10848522"
"94","Main","main5dnr","Main5",1972,"June/ July","fathead minnow",3,"0","dnr9","10848522"
"95","Main","main5dnr","Main5",1972,"June/ July","goldfish",5,"0","dnr9","10848522"
"96","Main","main5dnr","Main5",1972,"June/ July","longear sunfish",1,"0","dnr9","10848522"
"97","Main","main5dnr","Main5",1972,"June/ July","pumpkinseed",1,"0","dnr9","10848522"
"98","Main","main5dnr","Main5",1972,"June/ July","white sucker",10,"0","dnr9","10848522"
"99","Main","main6dnr","Main6",1972,"June/ July","black crappie",1,"0","main3","10848472"
"100","Main","main6dnr","Main6",1972,"June/ July","bluegill",2,"0","main3","10848472"
"101","Main","main6dnr","Main6",1972,"June/ July","green sunfish",2,"0","main3","10848472"
"102","Main","main6dnr","Main6",1972,"June/ July","largemouth bass",1,"0","main3","10848472"
"103","Main","main6dnr","Main6",1972,"June/ July","pumpkinseed",7,"0","main3","10848472"
"104","Main","main6dnr","Main6",1972,"June/ July","white sucker",2,"0","main3","10848472"
"105","Main","main7dnr","Main7",1972,"June/ July","black crappie",8,"0","main7dnr","10848472"
"106","Main","main7dnr","Main7",1972,"June/ July","bluegill",1,"0","main7dnr","10848472"
"107","Main","main7dnr","Main7",1972,"June/ July","largemouth bass",1,"0","main7dnr","10848472"
"108","Main","main7dnr","Main7",1972,"June/ July","longear sunfish",2,"0","main7dnr","10848472"
"109","Main","main7dnr","Main7",1972,"June/ July","pumpkinseed",3,"0","main7dnr","10848472"
"110","Main","main7dnr","Main7",1972,"June/ July","white sucker",3,"0","main7dnr","10848472"
"111","Main","main8dnr","Main8",1972,"June/ July","black crappie",2,"0","main18","10848472"
"112","Main","main8dnr","Main8",1972,"June/ July","central stoneroller",8,"0","main18","10848472"
"113","Main","main9dnr","Main9",1972,"June/ July","black crappie",2,"0","main13","10848472"
"114","Main","main9dnr","Main9",1972,"June/ July","bluegill",1,"0","main13","10848472"
"115","Main","main9dnr","Main9",1972,"June/ July","brook stickleback",1,"0","main13","10848472"
"116","Main","main9dnr","Main9",1972,"June/ July","central mudminnow",10,"0","main13","10848472"
"117","Middle","middle1","MiddleBranch1",1972,"June/ July","goldfish",1,"0","middle1","10849670"
"118","Middle","middle2","MiddleBranch2",1972,"June/ July","black crappie",2,"450ft","mid3","10849648"
"119","Middle","middle2","MiddleBranch2",1972,"June/ July","bluegill",4,"450ft","mid3","10849648"
"120","Middle","middle2","MiddleBranch2",1972,"June/ July","brown bullhead",1,"450ft","mid3","10849648"
"121","Middle","middle2","MiddleBranch2",1972,"June/ July","common carp",55,"450ft","mid3","10849648"
"122","Middle","middle2","MiddleBranch2",1972,"June/ July","fathead minnow",56,"450ft","mid3","10849648"
"123","Middle","middle2","MiddleBranch2",1972,"June/ July","goldfish",2,"450ft","mid3","10849648"
"124","Middle","middle2","MiddleBranch2",1972,"June/ July","green sunfish",1,"450ft","mid3","10849648"
"125","Middle","middle2","MiddleBranch2",1972,"June/ July","pumpkinseed",55,"450ft","mid3","10849648"
"126","Middle","middle2","MiddleBranch2",1972,"June/ July","white sucker",4,"450ft","mid3","10849648"
"127","Middle","middle3","MiddleBranch3",1972,"June/ July","brown bullhead",2,"0","mid2","10849642"
"128","Middle","middle3","MiddleBranch3",1972,"June/ July","creek chub",1,"0","mid2","10849642"
"129","Middle","middle3","MiddleBranch3",1972,"June/ July","longear sunfish",1,"0","mid2","10849642"
"130","Middle","middle3","MiddleBranch3",1972,"June/ July","pumpkinseed",23,"0","mid2","10849642"
"131","Middle","middle4","MiddleBranch4",1972,"June/ July","black crappie",2,"0","middle4","10849642"
"132","Middle","middle4","MiddleBranch4",1972,"June/ July","bluegill",15,"0","middle4","10849642"
"133","Middle","middle4","MiddleBranch4",1972,"June/ July","brown trout",1,"0","middle4","10849642"
"134","Middle","middle4","MiddleBranch4",1972,"June/ July","creek chub",1,"0","middle4","10849642"
"135","Middle","middle4","MiddleBranch4",1972,"June/ July","longear sunfish",2,"0","middle4","10849642"
"136","Middle","middle4","MiddleBranch4",1972,"June/ July","northern pike",1,"0","middle4","10849642"
"137","Middle","middle4","MiddleBranch4",1972,"June/ July","pumpkinseed",32,"0","middle4","10849642"
"138","Middle","middle5","MiddleBranch5",1972,"June/ July","black crappie",1,"0","mr-18","10849622"
"139","Middle","middle5","MiddleBranch5",1972,"June/ July","blacknose dace",12,"0","mr-18","10849622"
"140","Middle","middle5","MiddleBranch5",1972,"June/ July","bluegill",3,"0","mr-18","10849622"
"141","Middle","middle5","MiddleBranch5",1972,"June/ July","brook stickleback",10,"0","mr-18","10849622"
"142","Middle","middle5","MiddleBranch5",1972,"June/ July","central stoneroller",12,"0","mr-18","10849622"
"143","Middle","middle5","MiddleBranch5",1972,"June/ July","creek chub",16,"0","mr-18","10849622"
"144","Middle","middle5","MiddleBranch5",1972,"June/ July","fathead minnow",18,"0","mr-18","10849622"
"145","Middle","middle5","MiddleBranch5",1972,"June/ July","largemouth bass",2,"0","mr-18","10849622"
"146","Middle","middle5","MiddleBranch5",1972,"June/ July","longear sunfish",2,"0","mr-18","10849622"
"147","Middle","middle5","MiddleBranch5",1972,"June/ July","pumpkinseed",30,"0","mr-18","10849622"
"148","Middle","middle5","MiddleBranch5",1972,"June/ July","white sucker",18,"0","mr-18","10849622"
"149","Middle","middle6","MiddleBranch6",1972,"June/ July","blacknose dace",2,"0","mid1","10850296"
"150","Middle","middle6","MiddleBranch6",1972,"June/ July","brook stickleback",1,"0","mid1","10850296"
"151","Middle","middle6","MiddleBranch6",1972,"June/ July","central stoneroller",3,"0","mid1","10850296"
"152","Middle","middle6","MiddleBranch6",1972,"June/ July","common shiner",3,"0","mid1","10850296"
"153","Middle","middle6","MiddleBranch6",1972,"June/ July","creek chub",26,"0","mid1","10850296"
"154","Middle","middle6","MiddleBranch6",1972,"June/ July","green sunfish",1,"0","mid1","10850296"
"155","Middle","middle6","MiddleBranch6",1972,"June/ July","largemouth bass",1,"0","mid1","10850296"
"156","Middle","middle6","MiddleBranch6",1972,"June/ July","pumpkinseed",2,"0","mid1","10850296"
"157","Middle","middle6","MiddleBranch6",1972,"June/ July","white sucker",13,"0","mid1","10850296"
"158","Middle","middle7","MiddleBranch7",1972,"June/ July","blacknose dace",7,"0","middle7","10850304"
"159","Middle","middle7","MiddleBranch7",1972,"June/ July","common carp",10,"0","middle7","10850304"
"160","Middle","middle7","MiddleBranch7",1972,"June/ July","common shiner",1,"0","middle7","10850304"
"161","Middle","middle7","MiddleBranch7",1972,"June/ July","creek chub",17,"0","middle7","10850304"
"162","Middle","middle7","MiddleBranch7",1972,"June/ July","fathead minnow",2,"0","middle7","10850304"
"163","Middle","middle7","MiddleBranch7",1972,"June/ July","johnny darter",1,"0","middle7","10850304"
"164","Middle","middle7","MiddleBranch7",1972,"June/ July","largemouth bass",2,"0","middle7","10850304"
"165","Middle","middle7","MiddleBranch7",1972,"June/ July","pumpkinseed",6,"0","middle7","10850304"
"166","Middle","middle7","MiddleBranch7",1972,"June/ July","white sucker",46,"0","middle7","10850304"
"167","Middle","thorton12","Thorton12",1972,"June/ July","bluegill",1,"0","thorton12","10849466"
"168","Middle","thorton12","Thorton12",1972,"June/ July","brown bullhead",1,"0","thorton12","10849466"
"169","Middle","thorton12","Thorton12",1972,"June/ July","creek chub",5,"0","thorton12","10849466"
"170","Middle","thorton12","Thorton12",1972,"June/ July","pumpkinseed",5,"0","thorton12","10849466"
"171","Middle","thorton12","Thorton12",1972,"June/ July","white sucker",4,"0","thorton12","10849466"
"172","Middle","tonquishcreek17","TonquishCreek17",1972,"June/ July","goldfish",2,"0","tonquishcreek17","10849668"
"173","Middle","tonquishcreek18","TonquishCreek18",1972,"June/ July","bluegill",1,"0","ton3","10849700"
"174","Middle","tonquishcreek18","TonquishCreek18",1972,"June/ July","fathead minnow",2,"0","ton3","10849700"
"175","Middle","tonquishcreek19","TonquishCreek19",1972,"June/ July","green sunfish",1,"0","tonquishcreek19","10849684"
"176","Middle","tonquishcreek20","TonquishCreek20",1972,"June/ July","fathead minnow",1,"0","tonquishcreek20","10850148"
"177","Middle","tonquishcreek20","TonquishCreek20",1972,"June/ July","golden shiner",2,"0","tonquishcreek20","10850148"
"178","Middle","tonquishcreek20","TonquishCreek20",1972,"June/ July","nfc",0,"0","tonquishcreek20","10850148"
"179","Middle","tonquishcreek21","TonquishCreek21",1972,"June/ July","brook stickleback",2,"0","wall1","10849464"
"180","Upper","upper1","Upper Rouge",1972,"June/August","nfc",0,"0","upper1","10849602"
"181","Upper","upper2","Upper Rouge",1972,"June/August","fathead minnow",1,"0","up6","10849602"
"182","Upper","upper2","Upper Rouge",1972,"June/August","golden shiner",1,"0","up6","10849602"
"183","Upper","upper2","Upper Rouge",1972,"June/August","goldfish",1,"0","up6","10849602"
"184","Upper","upper2","Upper Rouge",1972,"June/August","green sunfish",1,"0","up6","10849602"
"185","Upper","upper2","Upper Rouge",1972,"June/August","largemouth bass",1,"0","up6","10849602"
"186","Upper","upper2","Upper Rouge",1972,"June/August","pumpkinseed",4,"0","up6","10849602"
"187","Upper","upper3","Upper Rouge",1972,"June/August","nfc",0,"0","upper3","10849602"
"188","Upper","upper4","Upper Rouge",1972,"June/August","blacknose dace",3,"0","upper4","10849602"
"189","Upper","upper4","Upper Rouge",1972,"June/August","brown bullhead",1,"0","upper4","10849602"
"190","Upper","upper4","Upper Rouge",1972,"June/August","common shiner",3,"0","upper4","10849602"
"191","Upper","upper4","Upper Rouge",1972,"June/August","creek chub",24,"0","upper4","10849602"
"192","Upper","upper4","Upper Rouge",1972,"June/August","johnny darter",1,"0","upper4","10849602"
"193","Upper","upper4","Upper Rouge",1972,"June/August","redside dace",1,"0","upper4","10849602"
"194","Upper","upper4","Upper Rouge",1972,"June/August","white sucker",14,"0","upper4","10849602"
"195","Upper","upper5","Upper Rouge",1972,"June/August","blacknose dace",2,"0","upper5","10849374"
"196","Upper","upper5","Upper Rouge",1972,"June/August","common shiner",2,"0","upper5","10849374"
"197","Upper","upper5","Upper Rouge",1972,"June/August","creek chub",3,"0","upper5","10849374"
"198","Upper","upper5","Upper Rouge",1972,"June/August","mottled sculpin",3,"0","upper5","10849374"
"199","Upper","upper5","Upper Rouge",1972,"June/August","white sucker",3,"0","upper5","10849374"
"200","Upper","upper6","Upper Rouge",1972,"June/August","brown bullhead",1,"0","upper6","10849378"
"201","Upper","upper6","Upper Rouge",1972,"June/August","common carp",1,"0","upper6","10849378"
"202","Upper","upper6","Upper Rouge",1972,"June/August","central mudminnow",4,"0","upper6","10849378"
"203","Upper","upper6","Upper Rouge",1972,"June/August","central stoneroller",1,"0","upper6","10849378"
"204","Upper","upper6","Upper Rouge",1972,"June/August","creek chub",7,"0","upper6","10849378"
"205","Upper","upper6","Upper Rouge",1972,"June/August","northern redbelly dace",1,"0","upper6","10849378"
"206","Upper","upper6","Upper Rouge",1972,"June/August","pumpkinseed",2,"0","upper6","10849378"
"207","Upper","upper6","Upper Rouge",1972,"June/August","white sucker",5,"0","upper6","10849378"
"208","Upper","upper7","Upper Rouge",1972,"June/August","brook stickleback",1,"0","u-7","10849532"
"209","Upper","upper7","Upper Rouge",1972,"June/August","creek chub",14,"0","u-7","10849532"
"210","Upper","upper7","Upper Rouge",1972,"June/August","white sucker",6,"0","u-7","10849532"
"211","Middle","walledlakebr11","WalledLakeBr11",1972,"June/ July","central mudminnow",1,"0","wall2","10849416"
"212","Middle","walledlakebr11","WalledLakeBr11",1972,"June/ July","fathead minnow",111,"0","wall2","10849416"
"213","Middle","walledlakebr11","WalledLakeBr11",1972,"June/ July","pumpkinseed",2,"0","wall2","10849416"
"214","Middle","walledlakebr8","WalledLakeBr8",1972,"June/ July","black crappie",3,"0","md-2","10849464"
"215","Middle","walledlakebr8","WalledLakeBr8",1972,"June/ July","bluegill",1,"0","md-2","10849464"
"216","Middle","walledlakebr8","WalledLakeBr8",1972,"June/ July","creek chub",1,"0","md-2","10849464"
"217","Middle","walledlakebr8","WalledLakeBr8",1972,"June/ July","pumpkinseed",1,"0","md-2","10849464"
"218","Lower","l-1","Lower Rouge",1986,"7/23/86","creek chub",71,"450ft","low4","10849774"
"219","Lower","l-1","Lower Rouge",1986,"7/23/86","white sucker",15,"450ft","low4","10849774"
"220","Lower","l-1","Lower Rouge",1986,"7/23/86","goldfish",1,"450ft","low4","10849774"
"221","Lower","l-1","Lower Rouge",1986,"7/23/86","common carp",26,"450ft","low4","10849774"
"222","Lower","l-1","Lower Rouge",1986,"7/23/86","green sunfish",10,"450ft","low4","10849774"
"223","Lower","l-1","Lower Rouge",1986,"7/23/86","central mudminnow",30,"450ft","low4","10849774"
"224","Lower","l-1","Lower Rouge",1986,"7/23/86","common shiner",56,"450ft","low4","10849774"
"225","Lower","l-1","Lower Rouge",1986,"7/23/86","central stoneroller",5,"450ft","low4","10849774"
"226","Lower","l-1","Lower Rouge",1986,"7/23/86","bluegill",1,"450ft","low4","10849774"
"227","Lower","l-1","Lower Rouge",1986,"7/23/86","brook stickleback",9,"450ft","low4","10849774"
"228","Lower","l-1","Lower Rouge",1986,"7/23/86","fathead minnow",61,"450ft","low4","10849774"
"229","Lower","l-1","Lower Rouge",1986,"7/23/86","black bullhead",1,"450ft","low4","10849774"
"230","Lower","l-1","Lower Rouge",1986,"7/23/86","northern redbelly dace",1,"450ft","low4","10849774"
"231","Lower","l-2","Lower Rouge",1986,"7/25/86","creek chub",27,"450ft","low6","10849810"
"232","Lower","l-2","Lower Rouge",1986,"7/25/86","white sucker",73,"450ft","low6","10849810"
"233","Lower","l-2","Lower Rouge",1986,"7/25/86","common carp",4,"450ft","low6","10849810"
"234","Lower","l-2","Lower Rouge",1986,"7/25/86","green sunfish",11,"450ft","low6","10849810"
"235","Lower","l-2","Lower Rouge",1986,"7/25/86","central mudminnow",14,"450ft","low6","10849810"
"236","Lower","l-2","Lower Rouge",1986,"7/25/86","common shiner",4,"450ft","low6","10849810"
"237","Lower","l-2","Lower Rouge",1986,"7/25/86","johnny darter",5,"450ft","low6","10849810"
"238","Lower","l-2","Lower Rouge",1986,"7/25/86","gizzard shad",1,"450ft","low6","10849810"
"239","Lower","l-2","Lower Rouge",1986,"7/25/86","fathead minnow",1,"450ft","low6","10849810"
"240","Lower","l-2","Lower Rouge",1986,"7/25/86","brook stickleback",1,"450ft","low6","10849810"
"241","Lower","l-3","Lower Rouge",1986,"7/25/86","carpgoldfish hybrid",14,"0","low14","10850162"
"242","Lower","l-3","Lower Rouge",1986,"7/25/86","pumpkinseed",1,"0","low14","10850162"
"243","Lower","l-3","Lower Rouge",1986,"7/25/86","central mudminnow",3,"0","low14","10850162"
"244","Lower","l-3","Lower Rouge",1986,"7/25/86","fathead minnow",1,"0","low14","10850162"
"245","Lower","l-4","Lower Rouge",1986,"7/25/86","central mudminnow",11,"450ft","lr-11","10850162"
"246","Lower","l-4","Lower Rouge",1986,"7/25/86","common carp",14,"450ft","lr-11","10850162"
"247","Lower","l-4","Lower Rouge",1986,"7/25/86","white sucker",3,"450ft","lr-11","10850162"
"248","Lower","l-4","Lower Rouge",1986,"7/25/86","fathead minnow",1,"450ft","lr-11","10850162"
"249","Lower","l-4","Lower Rouge",1986,"7/25/86","goldfish",1,"450ft","lr-11","10850162"
"250","Lower","l-4","Lower Rouge",1986,"7/25/86","carpgoldfish hybrid",3,"450ft","lr-11","10850162"
"251","Main","mn-1dnr","Main Branch",1986,"7/28/86","creek chub",80,"0","main18","10848472"
"252","Main","mn-1dnr","Main Branch",1986,"7/28/86","white sucker",24,"0","main18","10848472"
"253","Main","mn-1dnr","Main Branch",1986,"7/28/86","central stoneroller",41,"0","main18","10848472"
"254","Main","mn-1dnr","Main Branch",1986,"7/28/86","common carp",3,"0","main18","10848472"
"255","Main","mn-1dnr","Main Branch",1986,"7/28/86","rock bass",30,"0","main18","10848472"
"256","Main","mn-1dnr","Main Branch",1986,"7/28/86","pumpkinseed",4,"0","main18","10848472"
"257","Main","mn-1dnr","Main Branch",1986,"7/28/86","green sunfish",5,"0","main18","10848472"
"258","Main","mn-1dnr","Main Branch",1986,"7/28/86","bluntnose minnow",13,"0","main18","10848472"
"259","Main","mn-1dnr","Main Branch",1986,"7/28/86","bluegill",4,"0","main18","10848472"
"260","Main","mn-1dnr","Main Branch",1986,"7/28/86","largemouth bass",6,"0","main18","10848472"
"261","Main","mn-1dnr","Main Branch",1986,"7/28/86","fathead minnow",15,"0","main18","10848472"
"262","Main","mn-1dnr","Main Branch",1986,"7/28/86","hornyhead chub",36,"0","main18","10848472"
"263","Main","mn-1dnr","Main Branch",1986,"7/28/86","stonecat",4,"0","main18","10848472"
"264","Main","mn-1dnr","Main Rouge",1995,"7/25/95","bluntnose minnow",239,"470 ft","main18","10848472"
"265","Main","mn-1dnr","Main Rouge",1995,"7/25/95","common shiner",245,"470 ft","main18","10848472"
"266","Main","mn-1dnr","Main Rouge",1995,"7/25/95","creek chub",263,"470 ft","main18","10848472"
"267","Main","mn-1dnr","Main Rouge",1995,"7/25/95","white sucker",54,"470 ft","main18","10848472"
"268","Main","mn-1dnr","Main Rouge",1995,"7/25/95","central stoneroller",42,"470 ft","main18","10848472"
"269","Main","mn-1dnr","Main Rouge",1995,"7/25/95","largemouth bass",23,"470 ft","main18","10848472"
"270","Main","mn-1dnr","Main Rouge",1995,"7/25/95","common carp",29,"470 ft","main18","10848472"
"271","Main","mn-1dnr","Main Rouge",1995,"7/25/95","rock bass",8,"470 ft","main18","10848472"
"272","Main","mn-1dnr","Main Rouge",1995,"7/25/95","stonecat",13,"470 ft","main18","10848472"
"273","Main","mn-1dnr","Main Rouge",1995,"7/25/95","johnny darter",3,"470 ft","main18","10848472"
"274","Main","mn-1dnr","Main Rouge",1995,"7/25/95","green sunfish",5,"470 ft","main18","10848472"
"275","Main","mn-1dnr","Main Rouge",1995,"7/25/95","bluegill",2,"470 ft","main18","10848472"
"276","Main","mn-1dnr","Main Rouge",1995,"7/25/95","yellow bullhead",1,"470 ft","main18","10848472"
"277","Main","mn-1dnr","Main Rouge",1995,"7/25/95","spotfin shiner",1,"470 ft","main18","10848472"
"278","Main","mn-1dnr","Main Rouge",1995,"7/25/95","redfin shiner",5,"470 ft","main18","10848472"
"279","Main","mn-2dnr","Main Branch",1986,"7/28/86","creek chub",88,"0","mn-2dnr","10848602"
"280","Main","mn-2dnr","Main Branch",1986,"7/28/86","white sucker",21,"0","mn-2dnr","10848602"
"281","Main","mn-2dnr","Main Branch",1986,"7/28/86","rock bass",1,"0","mn-2dnr","10848602"
"282","Main","mn-2dnr","Main Branch",1986,"7/28/86","pumpkinseed",1,"0","mn-2dnr","10848602"
"283","Main","mn-2dnr","Main Branch",1986,"7/28/86","green sunfish",2,"0","mn-2dnr","10848602"
"284","Main","mn-2dnr","Main Branch",1986,"7/28/86","common shiner",35,"0","mn-2dnr","10848602"
"285","Main","mn-2dnr","Main Branch",1986,"7/28/86","central stoneroller",8,"0","mn-2dnr","10848602"
"286","Main","mn-2dnr","Main Branch",1986,"7/28/86","bluntnose minnow",2,"0","mn-2dnr","10848602"
"287","Main","mn-2dnr","Main Branch",1986,"7/28/86","blacknose dace",7,"0","mn-2dnr","10848602"
"288","Middle","md-1","Middle Branch",1986,"7/21/86","brook stickleback",1,"300ft","wall5","10849382"
"289","Middle","md-1","Middle Branch",1986,"7/21/86","white sucker",1,"300ft","wall5","10849382"
"290","Middle","md-1","Middle Branch",1986,"7/21/86","creek chub",20,"300ft","wall5","10849382"
"291","Middle","md-1","Middle Branch",1986,"7/21/86","fathead minnow",1,"300ft","wall5","10849382"
"292","Middle","md-1","Middle Branch",1986,"7/21/86","green sunfish",2,"300ft","wall5","10849382"
"293","Middle","md-11","TonquiskCreek",1986,"7/22/86","creek chub",7,"0","tonquishcreek17","10849668"
"294","Middle","md-11","TonquiskCreek",1986,"7/22/86","white sucker",19,"0","tonquishcreek17","10849668"
"295","Middle","md-11","TonquiskCreek",1986,"7/22/86","common shiner",1,"0","tonquishcreek17","10849668"
"296","Middle","md-11","TonquiskCreek",1986,"7/22/86","bluntnose minnow",1,"0","tonquishcreek17","10849668"
"297","Middle","md-11","TonquiskCreek",1986,"7/22/86","fathead minnow",76,"0","tonquishcreek17","10849668"
"298","Middle","md-11","TonquiskCreek",1986,"7/22/86","blacknose dace",2,"0","tonquishcreek17","10849668"
"299","Middle","md-2","Middle Branch",1986,"7/21/86","black crappie",3,"390ft","md-2","10849464"
"300","Middle","md-2","Middle Branch",1986,"7/21/86","bluntnose minnow",5,"390ft","md-2","10849464"
"301","Middle","md-2","Middle Branch",1986,"7/21/86","central mudminnow",1,"390ft","md-2","10849464"
"302","Middle","md-2","Middle Branch",1986,"7/21/86","central stoneroller",1,"390ft","md-2","10849464"
"303","Middle","md-2","Middle Branch",1986,"7/21/86","channel catfish",1,"390ft","md-2","10849464"
"304","Middle","md-2","Middle Branch",1986,"7/21/86","common carp",14,"390ft","md-2","10849464"
"305","Middle","md-2","Middle Branch",1986,"7/21/86","white sucker",34,"390ft","md-2","10849464"
"306","Middle","md-2","Middle Branch",1986,"7/21/86","creek chub",24,"390ft","md-2","10849464"
"307","Middle","md-2","Middle Branch",1986,"7/21/86","fathead minnow",1,"390ft","md-2","10849464"
"308","Middle","md-2","Middle Branch",1986,"7/21/86","green sunfish",34,"390ft","md-2","10849464"
"309","Middle","md-2","Middle Branch",1986,"7/21/86","sunfish hybrid",2,"390ft","md-2","10849464"
"310","Middle","md-2","Middle Branch",1986,"7/21/86","johnny darter",7,"390ft","md-2","10849464"
"311","Middle","md-2","Middle Branch",1986,"7/21/86","largemouth bass",3,"390ft","md-2","10849464"
"312","Middle","md-2","Middle Branch",1986,"7/21/86","northern hog sucker",1,"390ft","md-2","10849464"
"313","Middle","md-2","Middle Branch",1986,"7/21/86","northern pike",4,"390ft","md-2","10849464"
"314","Middle","md-2","Middle Branch",1986,"7/21/86","pumpkinseed",8,"390ft","md-2","10849464"
"315","Middle","md-2","Middle Branch",1986,"7/21/86","rock bass",3,"390ft","md-2","10849464"
"316","Middle","md-2","Middle Branch",1986,"7/21/86","yellow bullhead",2,"390ft","md-2","10849464"
"317","Middle","md-3","Middle Branch",1986,"7/21/86","creek chub",52,"300ft","mr-1","10850296"
"318","Middle","md-3","Middle Branch",1986,"7/21/86","white sucker",28,"300ft","mr-1","10850296"
"319","Middle","md-3","Middle Branch",1986,"7/21/86","common carp",4,"300ft","mr-1","10850296"
"320","Middle","md-3","Middle Branch",1986,"7/21/86","rock bass",2,"300ft","mr-1","10850296"
"321","Middle","md-3","Middle Branch",1986,"7/21/86","pumpkinseed",2,"300ft","mr-1","10850296"
"322","Middle","md-3","Middle Branch",1986,"7/21/86","green sunfish",7,"300ft","mr-1","10850296"
"323","Middle","md-3","Middle Branch",1986,"7/21/86","central mudminnow",1,"300ft","mr-1","10850296"
"324","Middle","md-3","Middle Branch",1986,"7/21/86","mottled sculpin",50,"300ft","mr-1","10850296"
"325","Middle","md-3","Middle Branch",1986,"7/21/86","common shiner",2,"300ft","mr-1","10850296"
"326","Middle","md-3","Middle Branch",1986,"7/21/86","central stoneroller",5,"300ft","mr-1","10850296"
"327","Middle","md-3","Middle Branch",1986,"7/21/86","bluntnose minnow",4,"300ft","mr-1","10850296"
"328","Middle","md-3","Middle Branch",1986,"7/21/86","rainbow darter",1,"300ft","mr-1","10850296"
"329","Middle","md-3","Middle Branch",1986,"7/21/86","blacknose dace",7,"300ft","mr-1","10850296"
"330","Middle","md-4","Middle Branch",1986,"7/21/86","creek chub",15,"225ft","mr-4","10849648"
"331","Middle","md-4","Middle Branch",1986,"7/21/86","white sucker",10,"225ft","mr-4","10849648"
"332","Middle","md-4","Middle Branch",1986,"7/21/86","rock bass",35,"225ft","mr-4","10849648"
"333","Middle","md-4","Middle Branch",1986,"7/21/86","pumpkinseed",38,"225ft","mr-4","10849648"
"334","Middle","md-4","Middle Branch",1986,"7/21/86","green sunfish",6,"225ft","mr-4","10849648"
"335","Middle","md-4","Middle Branch",1986,"7/21/86","mottled sculpin",2,"225ft","mr-4","10849648"
"336","Middle","md-4","Middle Branch",1986,"7/21/86","central stoneroller",2,"225ft","mr-4","10849648"
"337","Middle","md-4","Middle Branch",1986,"7/21/86","bluntnose minnow",18,"225ft","mr-4","10849648"
"338","Middle","md-4","Middle Branch",1986,"7/21/86","bluegill",13,"225ft","mr-4","10849648"
"339","Middle","md-4","Middle Branch",1986,"7/21/86","yellow bullhead",4,"225ft","mr-4","10849648"
"340","Middle","md-4","Middle Branch",1986,"7/21/86","sunfish hybrid",1,"225ft","mr-4","10849648"
"341","Middle","md-4","Middle Branch",1986,"7/21/86","largemouth bass",2,"225ft","mr-4","10849648"
"342","Middle","md-4","Middle Branch",1986,"7/21/86","johnny darter",4,"225ft","mr-4","10849648"
"343","Middle","md-5","Middle Branch",1986,"7/21/86","creek chub",8,"0","middle3","10849642"
"344","Middle","md-5","Middle Branch",1986,"7/21/86","white sucker",26,"0","middle3","10849642"
"345","Middle","md-5","Middle Branch",1986,"7/21/86","rock bass",46,"0","middle3","10849642"
"346","Middle","md-5","Middle Branch",1986,"7/21/86","pumpkinseed",20,"0","middle3","10849642"
"347","Middle","md-5","Middle Branch",1986,"7/21/86","bluntnose minnow",12,"0","middle3","10849642"
"348","Middle","md-5","Middle Branch",1986,"7/21/86","bluegill",82,"0","middle3","10849642"
"349","Middle","md-5","Middle Branch",1986,"7/21/86","sunfish hybrid",1,"0","middle3","10849642"
"350","Middle","md-5","Middle Branch",1986,"7/21/86","largemouth bass",10,"0","middle3","10849642"
"351","Middle","md-5","Middle Branch",1986,"7/21/86","johnny darter",1,"0","middle3","10849642"
"352","Middle","md-5","Middle Branch",1986,"7/21/86","hornyhead chub",8,"0","middle3","10849642"
"353","Middle","md-5","Middle Branch",1986,"7/21/86","longear sunfish",1,"0","middle3","10849642"
"354","Lower","l-2","Lower Rouge",1995,"8/29/95","white sucker",48,"600ft","low6","10849810"
"355","Lower","l-2","Lower Rouge",1995,"8/29/95","creek chub",133,"600ft","low6","10849810"
"356","Lower","l-2","Lower Rouge",1995,"8/29/95","green sunfish",73,"600ft","low6","10849810"
"357","Lower","l-2","Lower Rouge",1995,"8/29/95","fathead minnow",1,"600ft","low6","10849810"
"358","Lower","l-2","Lower Rouge",1995,"8/29/95","johnny darter",1,"600ft","low6","10849810"
"359","Lower","l-2","Lower Rouge",1995,"8/29/95","central mudminnow",2,"600ft","low6","10849810"
"360","Middle","md-6","Middle Branch",1986,"7/22/86","goldfish",18,"450ft","md-6","10849648"
"361","Middle","md-6","Middle Branch",1986,"7/22/86","common carp",9,"450ft","md-6","10849648"
"362","Middle","md-6","Middle Branch",1986,"7/22/86","white sucker",6,"450ft","md-6","10849648"
"363","Middle","md-6","Middle Branch",1986,"7/22/86","rock bass",9,"450ft","md-6","10849648"
"364","Middle","md-6","Middle Branch",1986,"7/22/86","pumpkinseed",4,"450ft","md-6","10849648"
"365","Middle","md-6","Middle Branch",1986,"7/22/86","bluegill",9,"450ft","md-6","10849648"
"366","Middle","md-6","Middle Branch",1986,"7/22/86","largemouth bass",1,"450ft","md-6","10849648"
"367","Middle","md-6","Middle Branch",1986,"7/22/86","longear sunfish",1,"450ft","md-6","10849648"
"368","Middle","md-7","Middle Branch",1986,"7/22/86","creek chub",11,"500 ft","mr-8","10850156"
"369","Middle","md-7","Middle Branch",1986,"7/22/86","white sucker",2,"500 ft","mr-8","10850156"
"370","Middle","md-7","Middle Branch",1986,"7/22/86","fathead minnow",11,"500 ft","mr-8","10850156"
"371","Middle","md-7","Middle Branch",1986,"7/22/86","goldfish",5,"500 ft","mr-8","10850156"
"372","Middle","md-7","Middle Branch",1986,"7/22/86","common shiner",1,"500 ft","mr-8","10850156"
"373","Middle","md-7","Middle Branch",1986,"7/22/86","common carp",2,"500 ft","mr-8","10850156"
"374","Middle","md-8","Middle Branch",1986,"7/29/86","creek chub",2,"900ft","mr-7","10850156"
"375","Middle","md-8","Middle Branch",1986,"7/29/86","goldfish",6,"900ft","mr-7","10850156"
"376","Middle","md-2","Middle Branch",1995,"8/2/95","bluegill",14,"0","md-2","10849464"
"377","Middle","md-2","Middle Branch",1995,"8/2/95","golden shiner",9,"0","md-2","10849464"
"378","Middle","md-2","Middle Branch",1995,"8/2/95","brown bullhead",4,"0","md-2","10849464"
"379","Middle","md-2","Middle Branch",1995,"8/2/95","yellow perch",2,"0","md-2","10849464"
"380","Middle","md-2","Middle Branch",1995,"8/2/95","johnny darter",7,"0","md-2","10849464"
"381","Middle","md-2","Middle Branch",1995,"8/2/95","black crappie",1,"0","md-2","10849464"
"382","Middle","md-2","Middle Branch",1995,"8/2/95","grass pickerel",1,"0","md-2","10849464"
"383","Middle","md-2","Middle Branch",1995,"8/2/95","white sucker",207,"0","md-2","10849464"
"384","Middle","md-2","Middle Branch",1995,"8/2/95","green sunfish",165,"0","md-2","10849464"
"385","Middle","md-2","Middle Branch",1995,"8/2/95","creek chub",125,"0","md-2","10849464"
"386","Middle","md-2","Middle Branch",1995,"8/2/95","pumpkinseed",37,"0","md-2","10849464"
"387","Middle","md-2","Middle Branch",1995,"8/2/95","rock bass",40,"0","md-2","10849464"
"388","Middle","md-2","Middle Branch",1995,"8/2/95","bluntnose minnow",24,"0","md-2","10849464"
"389","Middle","md-2","Middle Branch",1995,"8/2/95","largemouth bass",31,"0","md-2","10849464"
"390","Middle","md-2","Middle Branch",1995,"8/2/95","central stoneroller",5,"0","md-2","10849464"
"391","Middle","md-2","Middle Branch",1995,"8/2/95","blacknose dace",1,"0","md-2","10849464"
"392","Middle","md-2","Middle Branch",1995,"8/2/95","spotfin shiner",1,"0","md-2","10849464"
"393","Middle","md-2","Middle Branch",1995,"8/2/95","sunfish hybrid",1,"0","md-2","10849464"
"394","Main","mn-2dnr","Main Rouge",1995,"7/25/95","creek chub",178,"500 ft","mn-2dnr","10848602"
"395","Main","mn-2dnr","Main Rouge",1995,"7/25/95","common shiner",49,"500 ft","mn-2dnr","10848602"
"396","Main","mn-2dnr","Main Rouge",1995,"7/25/95","white sucker",34,"500 ft","mn-2dnr","10848602"
"397","Main","mn-2dnr","Main Rouge",1995,"7/25/95","blacknose dace",13,"500 ft","mn-2dnr","10848602"
"398","Main","mn-2dnr","Main Rouge",1995,"7/25/95","central stoneroller",9,"500 ft","mn-2dnr","10848602"
"399","Main","mn-2dnr","Main Rouge",1995,"7/25/95","rock bass",7,"500 ft","mn-2dnr","10848602"
"400","Main","mn-2dnr","Main Rouge",1995,"7/25/95","largemouth bass",6,"500 ft","mn-2dnr","10848602"
"401","Main","mn-2dnr","Main Rouge",1995,"7/25/95","yellow perch",1,"500 ft","mn-2dnr","10848602"
"402","Main","mn-2dnr","Main Rouge",1995,"7/25/95","sunfish hybrid",3,"500 ft","mn-2dnr","10848602"
"403","Main","mn-2dnr","Main Rouge",1995,"7/25/95","bluegill",3,"500 ft","mn-2dnr","10848602"
"404","Main","mn-2dnr","Main Rouge",1995,"7/25/95","johnny darter",4,"500 ft","mn-2dnr","10848602"
"405","Main","mn-2dnr","Main Rouge",1995,"7/25/95","black crappie",1,"500 ft","mn-2dnr","10848602"
"406","Main","mn-2dnr","Main Rouge",1995,"7/25/95","bluntnose minnow",3,"500 ft","mn-2dnr","10848602"
"407","Main","mn-2dnr","Main Rouge",1995,"7/25/95","green sunfish",2,"500 ft","mn-2dnr","10848602"
"408","Main","mn-3dnr","Main Branch",1986,"7/28/86","blacknose dace",1,"0","mn-3dnr","10849438"
"409","Main","mn-3dnr","Main Branch",1986,"7/28/86","common carp",2,"0","mn-3dnr","10849438"
"410","Main","mn-3dnr","Main Branch",1986,"7/28/86","common shiner",5,"0","mn-3dnr","10849438"
"411","Main","mn-3dnr","Main Branch",1986,"7/28/86","white sucker",8,"0","mn-3dnr","10849438"
"412","Main","mn-3dnr","Main Branch",1986,"7/28/86","creek chub",7,"0","mn-3dnr","10849438"
"413","Main","mn-3dnr","Main Branch",1986,"7/28/86","green sunfish",4,"0","mn-3dnr","10849438"
"414","Main","mn-3dnr","Main Branch",1986,"7/28/86","rock bass",2,"0","mn-3dnr","10849438"
"415","Main","mn-3dnr","Main Branch",1995,"8/31/95","creek chub",98,"500 ft","mn-3dnr","10849438"
"416","Main","mn-3dnr","Main Branch",1995,"8/31/95","central stoneroller",3,"500 ft","mn-3dnr","10849438"
"417","Main","mn-3dnr","Main Branch",1995,"8/31/95","white sucker",14,"500 ft","mn-3dnr","10849438"
"418","Main","mn-3dnr","Main Branch",1995,"8/31/95","johnny darter",48,"500 ft","mn-3dnr","10849438"
"419","Main","mn-3dnr","Main Branch",1995,"8/31/95","blacknose dace",84,"500 ft","mn-3dnr","10849438"
"420","Upper","u-4","Upper Rouge",1995,"8/31/95","bluntnose minnow",26,"500 ft","u-4","10849608"
"421","Upper","u-4","Upper Rouge",1995,"8/31/95","common carp",1,"500 ft","u-4","10849608"
"422","Upper","u-4","Upper Rouge",1995,"8/31/95","common shiner",4,"500 ft","u-4","10849608"
"423","Upper","u-4","Upper Rouge",1995,"8/31/95","white sucker",16,"500 ft","u-4","10849608"
"424","Upper","u-4","Upper Rouge",1995,"8/31/95","creek chub",150,"500 ft","u-4","10849608"
"425","Upper","u-4","Upper Rouge",1995,"8/31/95","fathead minnow",14,"500 ft","u-4","10849608"
"426","Upper","u-4","Upper Rouge",1995,"8/31/95","golden shiner",1,"500 ft","u-4","10849608"
"427","Upper","u-4","Upper Rouge",1995,"8/31/95","green sunfish",4,"500 ft","u-4","10849608"
"428","Upper","u-4","Upper Rouge",1995,"8/31/95","largemouth bass",6,"500 ft","u-4","10849608"
"429","Upper","u-4","Upper Rouge",1995,"8/31/95","pumpkinseed",8,"500 ft","u-4","10849608"
"430","Main","mn-3dnr","Main Branch",1995,"8/31/95","common shiner",10,"500 ft","mn-3dnr","10849438"
"431","Main","mn-3dnr","Main Branch",1995,"8/31/95","blackside darter",1,"500 ft","mn-3dnr","10849438"
"432","Main","mn-3dnr","Main Branch",1995,"8/31/95","bluntnose minnow",8,"500 ft","mn-3dnr","10849438"
"433","Main","mn-3dnr","Main Branch",1995,"8/31/95","fathead minnow",4,"500 ft","mn-3dnr","10849438"
"434","Lower","l-4","Lower Rouge",1995,"9/11/95","creek chub",3,"0","lr-11","10850162"
"435","Lower","l-4","Lower Rouge",1995,"9/11/95","green sunfish",10,"0","lr-11","10850162"
"436","Lower","l-4","Lower Rouge",1995,"9/11/95","fathead minnow",171,"0","lr-11","10850162"
"437","Lower","l-4","Lower Rouge",1995,"9/11/95","central mudminnow",7,"0","lr-11","10850162"
"438","Lower","l-4","Lower Rouge",1995,"9/11/95","gizzard shad",1,"0","lr-11","10850162"
"439","Lower","l-4","Lower Rouge",1995,"9/11/95","pumpkinseed",1,"0","lr-11","10850162"
"440","Lower","l-4","Lower Rouge",1995,"9/11/95","bluegill",1,"0","lr-11","10850162"
"441","Lower","l-4","Lower Rouge",1995,"9/11/95","largemouth bass",2,"0","lr-11","10850162"
"442","Lower","l-4","Lower Rouge",1995,"9/11/95","goldfish",3,"0","lr-11","10850162"
"443","Lower","l-4","Lower Rouge",1995,"9/11/95","brook stickleback",1,"0","lr-11","10850162"
"444","Lower","l-4","Lower Rouge",1995,"9/11/95","starhead topminnow",1,"0","lr-11","10850162"
"445","Main","mn-3dnr","Main Branch",1995,"8/31/95","green sunfish",2,"500 ft","mn-3dnr","10849438"
"446","Main","mn-3dnr","Main Branch",1995,"8/31/95","brook stickleback",1,"500 ft","mn-3dnr","10849438"
"447","Main","mn-4dnr","Main Branch",1986,"7/25/86","creek chub",13,"0","mn-7a","10850152"
"448","Main","mn-4dnr","Main Branch",1986,"7/25/86","goldfish",6,"0","mn-7a","10850152"
"449","Main","mn-4dnr","Main Rouge",1995,"9/5/95","bluegill",1,"400ft","mn-7a","10850152"
"450","Main","mn-4dnr","Main Rouge",1995,"9/5/95","brook stickleback",1,"400ft","mn-7a","10850152"
"451","Main","mn-4dnr","Main Rouge",1995,"9/5/95","common carp",1,"400ft","mn-7a","10850152"
"452","Main","mn-4dnr","Main Rouge",1995,"9/5/95","creek chub",3,"400ft","mn-7a","10850152"
"453","Middle","md-7","Middle Branch",1995,"8/24/95","common carp",1,"500","mr-8","10850156"
"454","Middle","md-7","Middle Branch",1995,"8/24/95","common shiner",1,"500","mr-8","10850156"
"455","Middle","md-7","Middle Branch",1995,"8/24/95","white sucker",5,"500","mr-8","10850156"
"456","Middle","md-7","Middle Branch",1995,"8/24/95","creek chub",2,"500","mr-8","10850156"
"457","Middle","md-7","Middle Branch",1995,"8/24/95","fathead minnow",1,"500","mr-8","10850156"
"458","Middle","md-7","Middle Branch",1995,"8/24/95","rock bass",1,"500","mr-8","10850156"
"459","Middle","md-14","Johnson Creek",1995,"7/24/95","mottled sculpin",159,"500","md-14","10849630"
"460","Middle","md-14","Johnson Creek",1995,"7/24/95","creek chub",52,"500","md-14","10849630"
"461","Middle","md-14","Johnson Creek",1995,"7/24/95","green sunfish",67,"500","md-14","10849630"
"462","Middle","md-14","Johnson Creek",1995,"7/24/95","central mudminnow",53,"500","md-14","10849630"
"463","Middle","md-14","Johnson Creek",1995,"7/24/95","pumpkinseed",10,"500","md-14","10849630"
"464","Middle","md-14","Johnson Creek",1995,"7/24/95","common shiner",6,"500","md-14","10849630"
"465","Middle","md-14","Johnson Creek",1995,"7/24/95","northern redbelly dace",2,"500","md-14","10849630"
"466","Middle","md-14","Johnson Creek",1995,"7/24/95","white sucker",28,"500","md-14","10849630"
"467","Middle","md-14","Johnson Creek",1995,"7/24/95","bluegill",8,"500","md-14","10849630"
"468","Middle","md-14","Johnson Creek",1995,"7/24/95","blacknose dace",15,"500","md-14","10849630"
"469","Middle","md-14","Johnson Creek",1995,"7/24/95","largemouth bass",4,"500","md-14","10849630"
"470","Middle","md-14","Johnson Creek",1995,"7/24/95","brown trout",2,"500","md-14","10849630"
"471","Main","mn-4dnr","Main Rouge",1995,"9/5/95","fathead minnow",2,"400ft","mn-7a","10850152"
"472","Main","evan1","Evans Ditch",1986,"7/29/86","common carp",1,"600ft","evan1","10848534"
"473","Main","evan1","Evans Ditch",1986,"7/29/86","creek chub",1,"600ft","evan1","10848534"
"474","Main","evan1","Evans Ditch",1986,"7/29/86","fathead minnow",2,"600ft","evan1","10848534"
"475","Main","evan1","Evans Ditch",1986,"7/29/86","green sunfish",1,"600ft","evan1","10848534"
"476","Main","evan1","Evans Ditch",1986,"7/29/86","pumpkinseed",1,"600ft","evan1","10848534"
"477","Main","mn-5dnr","Evans Ditch",1995,"7/31/95","common carp",1,"500 ft","evan5","10849456"
"478","Lower","l-2","Lower Rouge",1995,"8/29/95","pumpkinseed",5,"600ft","low6","10849810"
"479","Lower","l-2","Lower Rouge",1995,"8/29/95","common shiner",7,"600ft","low6","10849810"
"480","Lower","l-2","Lower Rouge",1995,"8/29/95","largemouth bass",1,"600ft","low6","10849810"
"481","Lower","l-2","Lower Rouge",1995,"8/29/95","common carp",9,"600ft","low6","10849810"
"482","Middle","md-8","Middle Branch",1986,"7/29/86","common carp",2,"900ft","mr-7","10850156"
"483","Middle","md-8","Middle Branch",1986,"7/29/86","fathead minnow",3,"900ft","mr-7","10850156"
"484","Upper","u-1","Upper Rouge",1986,"8/22/86","creek chub",88,"450ft","up2","10849602"
"485","Upper","u-1","Upper Rouge",1986,"8/22/86","white sucker",31,"450ft","up2","10849602"
"486","Upper","u-1","Upper Rouge",1986,"8/22/86","pumpkinseed",1,"450ft","up2","10849602"
"487","Upper","u-1","Upper Rouge",1986,"8/22/86","green sunfish",8,"450ft","up2","10849602"
"488","Middle","md-3","Middle Branch",1995,"8/15/95","creek chub",102,"0","mr-1","10850296"
"489","Middle","md-3","Middle Branch",1995,"8/15/95","mottled sculpin",58,"0","mr-1","10850296"
"490","Middle","md-3","Middle Branch",1995,"8/15/95","white sucker",37,"0","mr-1","10850296"
"491","Middle","md-3","Middle Branch",1995,"8/15/95","central mudminnow",1,"0","mr-1","10850296"
"492","Middle","md-3","Middle Branch",1995,"8/15/95","johnny darter",2,"0","mr-1","10850296"
"493","Middle","md-3","Middle Branch",1995,"8/15/95","central stoneroller",5,"0","mr-1","10850296"
"494","Middle","md-3","Middle Branch",1995,"8/15/95","pumpkinseed",13,"0","mr-1","10850296"
"495","Middle","md-3","Middle Branch",1995,"8/15/95","green sunfish",9,"0","mr-1","10850296"
"496","Middle","md-3","Middle Branch",1995,"8/15/95","largemouth bass",3,"0","mr-1","10850296"
"497","Middle","md-3","Middle Branch",1995,"8/15/95","common shiner",4,"0","mr-1","10850296"
"498","Middle","md-3","Middle Branch",1995,"8/15/95","bluntnose minnow",9,"0","mr-1","10850296"
"499","Middle","md-3","Middle Branch",1995,"8/15/95","blacknose dace",6,"0","mr-1","10850296"
"500","Middle","md-3","Middle Branch",1995,"8/15/95","bluegill",1,"0","mr-1","10850296"
"501","Middle","md-3","Middle Branch",1995,"8/15/95","common carp",3,"0","mr-1","10850296"
"502","Middle","md-1","Middle Branch",1995,"7/26/95","creek chub",24,"0","wall5","10849382"
"503","Middle","md-1","Middle Branch",1995,"7/26/95","green sunfish",1,"0","wall5","10849382"
"504","Main","mn-5dnr","Evans Ditch",1995,"7/31/95","white sucker",6,"500 ft","evan5","10849456"
"505","Main","mn-5dnr","Evans Ditch",1995,"7/31/95","creek chub",11,"500 ft","evan5","10849456"
"506","Main","mn-5dnr","Evans Ditch",1995,"7/31/95","fathead minnow",46,"500 ft","evan5","10849456"
"507","Main","mn-5dnr","Evans Ditch",1995,"7/31/95","green sunfish",6,"500 ft","evan5","10849456"
"508","Main","mn-5dnr","Evans Ditch",1986,"8/22/86","pumpkinseed",4,"0","evan5","10849456"
"509","Main","mn-7dnr","Cranbrook Creek",1995,"7/17/95","largemouth bass",131,"500ft","mn-7dnr","10848448"
"510","Main","mn-7dnr","Cranbrook Creek",1995,"7/17/95","green sunfish",3,"500ft","mn-7dnr","10848448"
"511","Upper","u-1","Upper Rouge",1995,"8/30/95","creek chub",161,"650ft","up2","10849602"
"512","Upper","u-1","Upper Rouge",1995,"8/30/95","mottled sculpin",132,"650ft","up2","10849602"
"513","Upper","u-1","Upper Rouge",1995,"8/30/95","common shiner",29,"650ft","up2","10849602"
"514","Upper","u-1","Upper Rouge",1995,"8/30/95","blacknose dace",52,"650ft","up2","10849602"
"515","Upper","u-1","Upper Rouge",1995,"8/30/95","white sucker",30,"650ft","up2","10849602"
"516","Upper","u-1","Upper Rouge",1995,"8/30/95","green sunfish",28,"650ft","up2","10849602"
"517","Upper","u-1","Upper Rouge",1995,"8/30/95","fathead minnow",5,"650ft","up2","10849602"
"518","Upper","u-1","Upper Rouge",1995,"8/30/95","black bullhead",1,"650ft","up2","10849602"
"519","Upper","u-1","Upper Rouge",1995,"8/30/95","largemouth bass",2,"650ft","up2","10849602"
"520","Upper","u-1","Upper Rouge",1995,"8/30/95","redside dace",7,"650ft","up2","10849602"
"521","Upper","u-1","Upper Rouge",1995,"8/30/95","central stoneroller",2,"650ft","up2","10849602"
"522","Upper","u-1","Upper Rouge",1995,"8/30/95","rainbow trout",1,"650ft","up2","10849602"
"523","Upper","u-1","Upper Rouge",1995,"8/30/95","central mudminnow",1,"650ft","up2","10849602"
"524","Upper","u-1","Upper Rouge",1995,"8/30/95","northern hog sucker",6,"650ft","up2","10849602"
"525","Upper","u-1","Upper Rouge",1995,"8/30/95","johnny darter",1,"650ft","up2","10849602"
"526","Upper","u-1","Upper Rouge",1995,"8/30/95","brook lamprey",2,"650ft","up2","10849602"
"527","Upper","u-5","Seely Creek",1995,"7/18/95","blacknose dace",8,"500ft","upper5","10849374"
"528","Upper","u-5","Seely Creek",1995,"7/18/95","mottled sculpin",41,"500ft","upper5","10849374"
"529","Upper","u-5","Seely Creek",1995,"7/18/95","redside dace",13,"500ft","upper5","10849374"
"530","Upper","u-5","Seely Creek",1995,"7/18/95","white sucker",6,"500ft","upper5","10849374"
"531","Upper","u-5","Seely Creek",1995,"7/18/95","creek chub",27,"500ft","upper5","10849374"
"532","Upper","u-5","Seely Creek",1995,"7/18/95","green sunfish",12,"500ft","upper5","10849374"
"533","Upper","u-5","Seely Creek",1995,"7/18/95","largemouth bass",1,"500ft","upper5","10849374"
"534","Lower","l-1","Lower Rouge",1995,"8/29/95","black bullhead",2,"0","low4","10849774"
"535","Lower","l-1","Lower Rouge",1995,"8/29/95","central mudminnow",8,"0","low4","10849774"
"536","Lower","l-1","Lower Rouge",1995,"8/29/95","common carp",3,"0","low4","10849774"
"537","Lower","l-1","Lower Rouge",1995,"8/29/95","white sucker",2,"0","low4","10849774"
"538","Lower","l-1","Lower Rouge",1995,"8/29/95","creek chub",32,"0","low4","10849774"
"539","Lower","l-1","Lower Rouge",1995,"8/29/95","green sunfish",27,"0","low4","10849774"
"540","Lower","l-1","Lower Rouge",1995,"8/29/95","largemouth bass",2,"0","low4","10849774"
"541","Main","mn-7dnr","Cranbrook Creek",1995,"7/17/95","pumpkinseed",2,"500ft","mn-7dnr","10848448"
"542","Main","mn-7dnr","Cranbrook Creek",1995,"7/17/95","bluegill",1,"500ft","mn-7dnr","10848448"
"543","Main","mn-7dnr","Cranbrook Creek",1995,"7/17/95","central mudminnow",1,"500ft","mn-7dnr","10848448"
"544","Main","mn-8dnr","Franklin Drain",1995,"8/1/95","blacknose dace",83,"500","frank1","10848522"
"545","Main","mn-8dnr","Franklin Drain",1995,"8/1/95","central stoneroller",2,"500","frank1","10848522"
"546","Middle","md-11","TonquiskCreek",1995,"8/24/95","creek chub",43,"500ft","tonquishcreek17","10849668"
"547","Middle","md-11","TonquiskCreek",1995,"8/24/95","green sunfish",26,"500ft","tonquishcreek17","10849668"
"548","Middle","md-11","TonquiskCreek",1995,"8/24/95","largemouth bass",2,"500ft","tonquishcreek17","10849668"
"549","Middle","md-11","TonquiskCreek",1995,"8/24/95","white sucker",31,"500ft","tonquishcreek17","10849668"
"550","Middle","md-11","TonquiskCreek",1995,"8/24/95","common shiner",14,"500ft","tonquishcreek17","10849668"
"551","Middle","md-11","TonquiskCreek",1995,"8/24/95","bluntnose minnow",2,"500ft","tonquishcreek17","10849668"
"552","Middle","md-11","TonquiskCreek",1995,"8/24/95","pumpkinseed",1,"500ft","tonquishcreek17","10849668"
"553","Middle","md-11","TonquiskCreek",1995,"8/24/95","blacknose dace",3,"500ft","tonquishcreek17","10849668"
"554","Middle","md-11","TonquiskCreek",1995,"8/24/95","bluegill",2,"500ft","tonquishcreek17","10849668"
"555","Middle","md-11","TonquiskCreek",1995,"8/24/95","fathead minnow",1,"500ft","tonquishcreek17","10849668"
"556","Middle","md-6","Middle Branch",1995,"8/15/95","rock bass",29,"500ft","md-6","10849648"
"557","Middle","md-6","Middle Branch",1995,"8/15/95","green sunfish",1,"500ft","md-6","10849648"
"558","Middle","md-6","Middle Branch",1995,"8/15/95","yellow perch",1,"500ft","md-6","10849648"
"559","Middle","md-6","Middle Branch",1995,"8/15/95","bluegill",12,"500ft","md-6","10849648"
"560","Middle","md-6","Middle Branch",1995,"8/15/95","largemouth bass",1,"500ft","md-6","10849648"
"561","Middle","md-6","Middle Branch",1995,"8/15/95","pumpkinseed",7,"500ft","md-6","10849648"
"562","Middle","md-6","Middle Branch",1995,"8/15/95","white sucker",7,"500ft","md-6","10849648"
"563","Middle","md-6","Middle Branch",1995,"8/15/95","bluntnose minnow",2,"500ft","md-6","10849648"
"564","Middle","md-6","Middle Branch",1995,"8/15/95","common carp",2,"500ft","md-6","10849648"
"565","Lower","l-5","Fellows Creek",1995,"8/23/95","creek chub",277,"550","dnrfel","10849706"
"566","Lower","l-5","Fellows Creek",1995,"8/23/95","white sucker",33,"550","dnrfel","10849706"
"567","Lower","l-5","Fellows Creek",1995,"8/23/95","common shiner",11,"550","dnrfel","10849706"
"568","Lower","l-5","Fellows Creek",1995,"8/23/95","largemouth bass",12,"550","dnrfel","10849706"
"569","Lower","l-5","Fellows Creek",1995,"8/23/95","green sunfish",19,"550","dnrfel","10849706"
"570","Lower","l-5","Fellows Creek",1995,"8/23/95","bluegill",1,"550","dnrfel","10849706"
"571","Lower","l-5","Fellows Creek",1995,"8/23/95","johnny darter",11,"550","dnrfel","10849706"
"572","Lower","l-5","Fellows Creek",1995,"8/23/95","central stoneroller",40,"550","dnrfel","10849706"
"573","Lower","l-5","Fellows Creek",1995,"8/23/95","common carp",2,"550","dnrfel","10849706"
"574","Lower","l-5","Fellows Creek",1995,"8/23/95","pumpkinseed",1,"550","dnrfel","10849706"
"575","Lower","l-5","Fellows Creek",1995,"8/23/95","mottled sculpin",1,"550","dnrfel","10849706"
"576","Lower","l-5","Fellows Creek",1995,"8/23/95","fathead minnow",11,"550","dnrfel","10849706"
"577","Lower","l-6","Fowler Creek",1995,"7/27/95","bluegill",6,"500ft","fowl5","10849784"
"578","Lower","l-6","Fowler Creek",1995,"7/27/95","central mudminnow",19,"500ft","fowl5","10849784"
"579","Lower","l-6","Fowler Creek",1995,"7/27/95","creek chub",29,"500ft","fowl5","10849784"
"580","Upper","u-3","Upper Rouge",1995,"8/31/95","brook stickleback",1,"500ft","ur-4","10849602"
"581","Upper","u-3","Upper Rouge",1995,"8/31/95","white sucker",26,"500ft","ur-4","10849602"
"582","Upper","u-3","Upper Rouge",1995,"8/31/95","creek chub",1,"500ft","ur-4","10849602"
"583","Upper","u-3","Upper Rouge",1995,"8/31/95","fathead minnow",25,"500ft","ur-4","10849602"
"584","Upper","u-3","Upper Rouge",1995,"8/31/95","green sunfish",3,"500ft","ur-4","10849602"
"585","Upper","u-3","Upper Rouge",1995,"8/31/95","largemouth bass",2,"500ft","ur-4","10849602"
"586","Upper","u-1","Upper Rouge",1986,"8/22/86","central mudminnow",2,"450ft","up2","10849602"
"587","Upper","u-1","Upper Rouge",1986,"8/22/86","mottled sculpin",29,"450ft","up2","10849602"
"588","Upper","u-1","Upper Rouge",1986,"8/22/86","common shiner",6,"450ft","up2","10849602"
"589","Upper","u-1","Upper Rouge",1986,"8/22/86","central stoneroller",2,"450ft","up2","10849602"
"590","Middle","walledlakebr8","WalledLakeBr8",1972,"June/ July","white sucker",1,"0","md-2","10849464"
"591","Upper","u-1","Upper Rouge",1986,"8/22/86","blacknose dace",29,"450ft","up2","10849602"
"592","Upper","u-1","Upper Rouge",1986,"8/22/86","bluegill",1,"450ft","up2","10849602"
"593","Upper","u-1","Upper Rouge",1986,"8/22/86","largemouth bass",1,"450ft","up2","10849602"
"594","Upper","u-1","Upper Rouge",1986,"8/22/86","northern hog sucker",13,"450ft","up2","10849602"
"595","Upper","u-1","Upper Rouge",1986,"8/22/86","stonecat",1,"450ft","up2","10849602"
"596","Upper","u-1","Upper Rouge",1986,"8/22/86","redside dace",1,"450ft","up2","10849602"
"597","Upper","u-2","Upper Rouge",1986,"7/29/86","creek chub",17,"450 ft","up6","10849602"
"598","Upper","u-2","Upper Rouge",1986,"7/29/86","white sucker",7,"450 ft","up6","10849602"
"599","Upper","u-2","Upper Rouge",1986,"7/29/86","green sunfish",3,"450 ft","up6","10849602"
"600","Upper","u-2","Upper Rouge",1986,"7/29/86","common shiner",5,"450 ft","up6","10849602"
"601","Upper","u-2","Upper Rouge",1986,"7/29/86","fathead minnow",8,"450 ft","up6","10849602"
"602","Upper","u-3","Upper Rouge",1986,"7/29/86","creek chub",5,"900ft","ur-4","10849602"
"603","Upper","u-3","Upper Rouge",1986,"7/29/86","white sucker",25,"0","ur-4","10849602"
"604","Upper","u-3","Upper Rouge",1986,"7/29/86","goldfish",1,"0","ur-4","10849602"
"605","Upper","u-3","Upper Rouge",1986,"7/29/86","pumpkinseed",2,"0","ur-4","10849602"
"606","Upper","u-3","Upper Rouge",1986,"7/29/86","sunfish hybrid",3,"0","ur-4","10849602"
"607","Upper","u-3","Upper Rouge",1986,"7/29/86","bluegill",1,"0","ur-4","10849602"
"608","Upper","u-3","Upper Rouge",1986,"7/29/86","largemouth bass",1,"0","ur-4","10849602"
"609","Upper","u-3","Upper Rouge",1986,"7/29/86","brown bullhead",1,"0","ur-4","10849602"
"610","Upper","u-3","Upper Rouge",1986,"7/29/86","central mudminnow",1,"0","ur-4","10849602"
"611","Upper","u-3","Upper Rouge",1986,"7/29/86","fathead minnow",2,"0","ur-4","10849602"
"612","Upper","u-4","Upper Rouge",1986,"8/29/86","creek chub",20,"750ft","u-4","10849608"
"613","Upper","u-4","Upper Rouge",1986,"8/29/86","white sucker",29,"750ft","u-4","10849608"
"614","Upper","u-4","Upper Rouge",1986,"8/29/86","green sunfish",2,"750ft","u-4","10849608"
"615","Upper","u-4","Upper Rouge",1986,"8/29/86","central mudminnow",2,"750ft","u-4","10849608"
"616","Upper","u-4","Upper Rouge",1986,"8/29/86","central stoneroller",1,"750ft","u-4","10849608"
"617","Upper","u-4","Upper Rouge",1986,"8/29/86","bluntnose minnow",2,"750ft","u-4","10849608"
"618","Upper","u-4","Upper Rouge",1986,"8/29/86","common shiner",2,"750ft","u-4","10849608"
"619","Upper","u-4","Upper Rouge",1986,"8/29/86","brook stickleback",1,"750ft","u-4","10849608"
"620","Upper","u-4","Upper Rouge",1986,"8/29/86","fathead minnow",3,"750ft","u-4","10849608"
"621","Main","mn-8dnr","Franklin Drain",1995,"8/1/95","mottled sculpin",335,"500","frank1","10848522"
"622","Main","mn-8dnr","Franklin Drain",1995,"8/1/95","central mudminnow",1,"500","frank1","10848522"
"623","Main","mn-8dnr","Franklin Drain",1995,"8/1/95","white sucker",33,"500","frank1","10848522"
"624","Main","mn-8dnr","Franklin Drain",1995,"8/1/95","creek chub",115,"500","frank1","10848522"
"625","Main","mn-8dnr","Franklin Drain",1995,"8/1/95","green sunfish",2,"500","frank1","10848522"
"626","Main","mn-8dnr","Franklin Drain",1995,"8/1/95","largemouth bass",1,"500","frank1","10848522"
"627","Main","mn-9dnr","Pebble Creek",1995,"7/18/95","blacknose dace",20,"600","peb3","10848526"
"628","Main","mn-9dnr","Pebble Creek",1995,"7/18/95","central stoneroller",3,"600","peb3","10848526"
"629","Main","mn-9dnr","Pebble Creek",1995,"7/18/95","blackchin shiner",1,"600","peb3","10848526"
"630","Main","mn-9dnr","Pebble Creek",1995,"7/18/95","brook stickleback",19,"600","peb3","10848526"
"631","Main","mn-9dnr","Pebble Creek",1995,"7/18/95","white sucker",6,"600","peb3","10848526"
"632","Main","mn-9dnr","Pebble Creek",1995,"7/18/95","creek chub",66,"600","peb3","10848526"
"633","Main","mn-9dnr","Pebble Creek",1995,"7/18/95","fathead minnow",1,"600","peb3","10848526"
"634","Upper","u-6","Upper Rouge",1995,"8/21/95","largemouth bass",11,"500ft","min2","10849378"
"635","Upper","u-6","Upper Rouge",1995,"8/21/95","bluegill",12,"500ft","min2","10849378"
"636","Upper","u-6","Upper Rouge",1995,"8/21/95","green sunfish",8,"500ft","min2","10849378"
"637","Upper","u-6","Upper Rouge",1995,"8/21/95","pumpkinseed",11,"500ft","min2","10849378"
"638","Upper","u-6","Upper Rouge",1995,"8/21/95","fathead minnow",3,"500ft","min2","10849378"
"639","Upper","u-6","Upper Rouge",1995,"8/21/95","bluntnose minnow",1,"500ft","min2","10849378"
"640","Upper","u-6","Upper Rouge",1995,"8/21/95","creek chub",199,"500ft","min2","10849378"
"641","Upper","u-6","Upper Rouge",1995,"8/21/95","common shiner",83,"500ft","min2","10849378"
"642","Upper","u-6","Upper Rouge",1995,"8/21/95","johnny darter",48,"500ft","min2","10849378"
"643","Upper","u-6","Upper Rouge",1995,"8/21/95","blacknose dace",42,"500ft","min2","10849378"
"644","Upper","u-6","Upper Rouge",1995,"8/21/95","white sucker",24,"500ft","min2","10849378"
"645","Upper","u-6","Upper Rouge",1995,"8/21/95","mottled sculpin",26,"500ft","min2","10849378"
"646","Upper","u-6","Upper Rouge",1995,"8/21/95","central stoneroller",54,"500ft","min2","10849378"
"647","Upper","u-7","Upper Rouge",1995,"8/28/95","creek chub",293,"500 ft","u-7","10849532"
"648","Upper","u-7","Upper Rouge",1995,"8/28/95","common shiner",31,"500 ft","u-7","10849532"
"649","Upper","u-7","Upper Rouge",1995,"8/28/95","blacknose dace",108,"500 ft","u-7","10849532"
"650","Upper","u-7","Upper Rouge",1995,"8/28/95","white sucker",27,"500 ft","u-7","10849532"
"651","Upper","u-7","Upper Rouge",1995,"8/28/95","fathead minnow",2,"500 ft","u-7","10849532"
"652","Upper","u-7","Upper Rouge",1995,"8/28/95","largemouth bass",1,"500 ft","u-7","10849532"
"653","Upper","u-7","Upper Rouge",1995,"8/28/95","pumpkinseed",2,"500 ft","u-7","10849532"
"654","Upper","u-7","Upper Rouge",1995,"8/28/95","green sunfish",2,"500 ft","u-7","10849532"
"655","Middle","md-10","WillowCreek",1995,"8/22/95","creek chub",71,"500ft","md-10","10849718"
"656","Middle","md-10","WillowCreek",1995,"8/22/95","white sucker",30,"500ft","md-10","10849718"
"657","Middle","md-10","WillowCreek",1995,"8/22/95","green sunfish",35,"500ft","md-10","10849718"
"658","Middle","md-10","WillowCreek",1995,"8/22/95","bluntnose minnow",2,"500ft","md-10","10849718"
"659","Middle","md-10","WillowCreek",1995,"8/22/95","common shiner",2,"500ft","md-10","10849718"
"660","Middle","md-10","WillowCreek",1995,"8/22/95","fathead minnow",1,"500ft","md-10","10849718"
"661","Middle","md-10","WillowCreek",1995,"8/22/95","largemouth bass",2,"500ft","md-10","10849718"
"662","Middle","md-12","Ingersol Creek",1995,"7/24/95","creek chub",96,"500ft","bishopcr10","10849424"
"663","Middle","md-12","Ingersol Creek",1995,"7/24/95","blacknose dace",18,"500ft","bishopcr10","10849424"
"664","Middle","md-12","Ingersol Creek",1995,"7/24/95","brook stickleback",9,"500ft","bishopcr10","10849424"
"665","Middle","md-12","Ingersol Creek",1995,"7/24/95","green sunfish",9,"500ft","bishopcr10","10849424"
"666","Middle","md-12","Ingersol Creek",1995,"7/24/95","white sucker",8,"500ft","bishopcr10","10849424"
"667","Middle","md-12","Ingersol Creek",1995,"7/24/95","bluntnose minnow",6,"500ft","bishopcr10","10849424"
"668","Middle","md-12","Ingersol Creek",1995,"7/24/95","central mudminnow",6,"500ft","bishopcr10","10849424"
"669","Middle","md-12","Ingersol Creek",1995,"7/24/95","yellow perch",1,"500ft","bishopcr10","10849424"
"670","Middle","md-12","Ingersol Creek",1995,"7/24/95","pumpkinseed",1,"500ft","bishopcr10","10849424"
"671","Middle","md-13","Bishop Creek",1995,"7/24/95","creek chub",194,"500ft","md-13","10849426"
"672","Middle","md-13","Bishop Creek",1995,"7/24/95","blacknose dace",71,"500ft","md-13","10849426"
"673","Middle","md-13","Bishop Creek",1995,"7/24/95","white sucker",59,"500ft","md-13","10849426"
"674","Middle","md-13","Bishop Creek",1995,"7/24/95","central mudminnow",29,"500ft","md-13","10849426"
"675","Middle","md-13","Bishop Creek",1995,"7/24/95","largemouth bass",29,"500ft","md-13","10849426"
"676","Middle","md-13","Bishop Creek",1995,"7/24/95","pumpkinseed",15,"500ft","md-13","10849426"
"677","Middle","md-13","Bishop Creek",1995,"7/24/95","green sunfish",11,"500ft","md-13","10849426"
"678","Middle","md-13","Bishop Creek",1995,"7/24/95","yellow perch",10,"500ft","md-13","10849426"
"679","Middle","md-13","Bishop Creek",1995,"7/24/95","bluntnose minnow",9,"500ft","md-13","10849426"
"680","Middle","md-13","Bishop Creek",1995,"7/24/95","johnny darter",8,"500ft","md-13","10849426"
"681","Middle","md-13","Bishop Creek",1995,"7/24/95","bluegill",1,"500ft","md-13","10849426"
"682","Middle","md-13","Bishop Creek",1995,"7/24/95","brook stickleback",1,"500ft","md-13","10849426"
"683","Middle","md-14","Johnson Creek",1995,"7/24/95","redside dace",1,"500","md-14","10849630"
"684","Middle","md-14","Johnson Creek",1995,"7/24/95","rainbow darter",4,"500","md-14","10849630"
"685","Middle","md-14","Johnson Creek",1995,"7/24/95","johnny darter",2,"500","md-14","10849630"
"686","Lower","l-7","Canton Creek",1995,"9/6/95","creek chub",79,"250ft","l-7","10850176"
"687","Lower","l-7","Canton Creek",1995,"9/6/95","white sucker",10,"250ft","l-7","10850176"
"688","Lower","l-7","Canton Creek",1995,"9/6/95","central mudminnow",46,"250ft","l-7","10850176"
"689","Lower","l-7","Canton Creek",1995,"9/6/95","green sunfish",1,"250ft","l-7","10850176"
"690","Lower","l-7","Canton Creek",1995,"9/6/95","northern redbelly dace",9,"250ft","l-7","10850176"
"691","Lower","l-7","Canton Creek",1995,"9/6/95","brook stickleback",34,"250ft","l-7","10850176"
"692","Middle","md-9","TonquishCreek",1995,"8/22/95","golden shiner",4,"0","ton3","10849700"
"693","Middle","md-9","TonquishCreek",1995,"8/22/95","bluegill",1,"0","ton3","10849700"
"694","Middle","md-9","TonquishCreek",1995,"8/22/95","central mudminnow",1,"0","ton3","10849700"
"695","Middle","md-9","TonquishCreek",1995,"8/22/95","pumpkinseed",1,"0","ton3","10849700"
"696","Middle","md-9","TonquishCreek",1995,"8/22/95","creek chub",45,"0","ton3","10849700"
"697","Middle","md-9","TonquishCreek",1995,"8/22/95","common shiner",28,"0","ton3","10849700"
"698","Middle","md-9","TonquishCreek",1995,"8/22/95","green sunfish",28,"0","ton3","10849700"
"699","Middle","md-9","TonquishCreek",1995,"8/22/95","white sucker",11,"0","ton3","10849700"
"700","Middle","md-9","TonquishCreek",1995,"8/22/95","blacknose dace",11,"0","ton3","10849700"
"701","Middle","md-9","TonquishCreek",1995,"8/22/95","fathead minnow",4,"0","ton3","10849700"
"702","Middle","md-9","TonquishCreek",1995,"8/22/95","bluntnose minnow",3,"0","ton3","10849700"
