,FIELDID,Year,Common_Name,Quanity,COMID
1,bell1,1972,nfc,0,10849560
2,bell2,1972,bluegill,4,10849554
3,bell3,1972,central_mudminnow,1,10849560
4,bell4,1972,creek_chub,1,10849564
5,bish2,1972,fathead_minnow,85,10849426
6,cl,1972,green_sunfish,5,10849488
7,dnrnfel,1972,pumpkinseed,18,10849706
8,evan1,1972,fathead_minnow,2,10848534
9,evan2,1972,creek_chub,1,10850126
10,evan3,1972,white_sucker,5,10849456
11,evan4,1972,blacknose_dace,6,10849482
12,evan5,1972,common_shiner,1,10849456
13,fel1,1972,creek_chub,1,10849646
14,fel2,1972,white_sucker,4,10849714
15,fel3,1972,blacknose_dace,9,10849674
16,fel4,1972,central_stoneroller,42,10849736
17,fel5,1972,creek_chub,5,10849704
18,fel6,1972,mottled_sculpin,5,10849704
19,fel7,1972,blacknose_dace,6,10849676
20,flow2,1972,brook_stickleback,1,10848448
21,fowl1,1972,creek_chub,7,10849730
22,fowl2,1972,white_sucker,1,10849786
23,fowl3,1972,blacknose_dace,22,10849806
24,fowl4,1972,central_stoneroller,25,10849812
25,fowl5,1972,creek_chub,17,10849784
26,fowl6,1972,johnny_darter,3,10849730
27,frank1,1972,mottled_sculpin,11,10848522
28,frank2,1972,pumpkinseed,1,10848482
29,frank3,1972,rainbow_darter,3,10848616
30,frank4,1972,redside_dace,1,10848616
31,frank5,1972,central_stoneroller,1,10848458
32,frank6,1972,creek_chub,8,10848468
33,frank7,1972,mottled_sculpin,1,10848468
34,frank8,1972,rainbow_darter,1,10848616
35,gilbl,1972,redside_dace,2,10848462
36,haml,1972,white_sucker,1,10848442
37,ing1,1972,blacknose_dace,4,10849424
38,john1,1972,brook_stickleback,2,10849630
39,john2,1972,central_mudminnow,2,10849614
40,john3,1972,central_stoneroller,7,10849522
41,john5,1972,creek_chub,5,10850134
42,john6,1972,mottled_sculpin,4,10850134
43,john7,1972,white_sucker,5,10849568
44,john8,1972,green_sunfish,2,10849504
45,john9,1972,pumpkinseed,1,10849630
46,johnrhs,1972,green_sunfish,2,10850134
47,johnswd,1972,white_sucker,3,10849598
48,low10,1972,central_stoneroller,5,10850168
49,low11,1972,common_shiner,1,10849778
50,low12,1972,creek_chub,10,10849774
51,low13,1972,mottled_sculpin,5,10849790
52,low2,1972,goldfish,1,10849724
53,low3,1972,common_carp,4,10849726
54,low4,1972,creek_chub,4,10849774
55,low5,1972,creek_chub,1,10849802
56,low6,1972,green_sunfish,1,10849810
57,low7,1972,fathead_minnow,3,10849790
58,low8,1972,fathead_minnow,3,10849790
59,low9,1972,rock_bass,1,10849778
60,lr-1,1972,white_sucker,4,10849810
61,lr-10,1972,brook_stickleback,2,10849762
62,lr-11,1972,common_carp,2,10850162
63,lr-11a,1972,central_stoneroller,4,10850162
64,lr-12,1972,creek_chub,2,10849800
65,lr-2,1972,fathead_minnow,12,10850168
66,lr-3,1972,northern_redbelly_dace,36,10849790
67,lr-4,1972,brook_stickleback,1,10849790
68,lr-5,1972,central_mudminnow,2,10849756
69,lr-6,1972,creek_chub,3,10849790
70,lr-7,1972,fathead_minnow,1,10850182
71,lr-8,1972,fathead_minnow,1,10849778
72,lr-9,1972,nfc,0,10850150
73,main1,1972,brown_bullhead,1,10848426
74,main10,1972,fathead_minnow,2,10849770
75,main11,1972,green_sunfish,2,10848598
76,main12,1972,white_sucker,5,10849770
77,main12n,1972,nfc,0,10849770
78,main13,1972,common_carp,2,10848472
79,main14,1972,fathead_minnow,1,10850152
80,main15,1972,common_shiner,2,10848472
81,main16,1972,creek_chub,3,10848450
82,main17,1972,fathead_minnow,5,10849364
83,main18,1972,white_sucker,12,10848472
84,main19,1972,bluegill,7,10849462
85,main2,1972,common_carp,1,10848472
86,main20,1972,common_shiner,7,10849728
87,main3,1972,creek_chub,1,10848472
88,main4,1972,fathead_minnow,12,10848486
89,main4.5,1972,longear_sunfish,3,10848486
90,main5,1972,white_sucker,68,10848602
91,main6,1972,blacknose_dace,1,10849438
92,main7,1972,bluegill,1,10849438
93,main7.5,1972,creek_chub,6,10849438
94,main8,1972,fathead_minnow,3,10849768
95,main9,1972,goldfish,5,10849770
96,mid1,1972,longear_sunfish,1,10850296
97,mid2,1972,pumpkinseed,1,10849642
98,mid3,1972,white_sucker,10,10849648
99,mid4,1972,black_crappie,1,10850234
100,mid5,1972,bluegill,2,10850156
101,min1,1972,green_sunfish,2,10848506
102,min2,1972,largemouth_bass,1,10849378
103,min3,1972,pumpkinseed,7,10848520
104,min3a,1972,white_sucker,2,10849378
105,min4,1972,black_crappie,8,10848484
106,min5,1972,bluegill,1,10848506
107,mn-1,1972,largemouth_bass,1,10849618
108,mn-2,1972,longear_sunfish,2,10849618
109,mn-3,1972,pumpkinseed,3,10850238
110,mn-4,1972,white_sucker,3,10850152
111,mn-5,1972,black_crappie,2,10849484
112,mn-6,1972,central_stoneroller,8,10849618
113,mn-7,1972,black_crappie,2,10850152
114,mn-7a,1972,bluegill,1,10850152
115,mr-1,1972,brook_stickleback,1,10850296
116,mr-10,1972,central_mudminnow,10,10850156
117,mr-11,1972,goldfish,1,10850156
118,mr-12,1972,black_crappie,2,10850156
119,mr-13,1972,bluegill,4,10850156
120,mr-14,1972,brown_bullhead,1,10850142
121,mr-15,1972,common_carp,55,10850156
122,mr-16,1972,fathead_minnow,56,10849658
123,mr-17,1972,goldfish,Present,10849642
124,mr-18,1972,green_sunfish,1,10849622
125,mr-19,1972,pumpkinseed,55,10850142
126,mr-2,1972,white_sucker,4,10849566
127,mr-20,1972,brown_bullhead,2,10849566
128,mr-21,1972,creek_chub,1,10849668
129,mr-22,1972,longear_sunfish,1,10849504
130,mr-23,1972,pumpkinseed,23,10849490
131,mr-24,1972,black_crappie,2,10850142
132,mr-25,1972,bluegill,15,10849514
133,mr-26,1972,brown_trout,1,10849504
134,mr-27,1972,creek_chub,1,10849524
135,mr-28,1972,longear_sunfish,2,10850142
136,mr-2a,1972,northern_pike,1,10849566
137,mr-3,1972,pumpkinseed,32,10849642
138,mr-4,1972,black_crappie,1,10849648
139,mr-5,1972,blacknose_dace,12,10850156
140,mr-6,1972,bluegill,3,10850156
141,mr-7,1972,brook_stickleback,10,10850156
142,mr-8,1972,central_stoneroller,12,10850156
143,mr-9,1972,creek_chub,16,10850156
144,mur2,1972,fathead_minnow,18,10848594
145,nfowl,1972,largemouth_bass,2,10849780
146,nott,1972,longear_sunfish,2,10848512
147,nott2,1972,pumpkinseed,30,10848512
148,nton,1972,white_sucker,18,10850142
149,peb1,1972,blacknose_dace,2,10848526
150,peb2,1972,brook_stickleback,1,10848526
151,peb3,1972,central_stoneroller,3,10848526
152,peb4,1972,common_shiner,3,10849412
153,peb5,1972,creek_chub,26,10848490
154,rav,1972,green_sunfish,1,10849442
155,see1,1972,largemouth_bass,1,10848516
156,see2,1972,pumpkinseed,2,10849376
157,see3,1972,white_sucker,13,10848516
158,see4,1972,blacknose_dace,7,10848492
159,seebosch,1972,common_carp,10,10849374
160,seesto,1972,common_shiner,1,10848492
161,simpl,1972,creek_chub,17,10848614
162,sprag,1972,fathead_minnow,2,10848422
163,tar2,1972,johnny_darter,1,10849472
164,ton1,1972,largemouth_bass,2,10850142
165,ton1/2,1972,pumpkinseed,6,10850142
166,ton2,1972,white_sucker,46,10850142
167,ton3,1972,bluegill,1,10849700
168,ull,1972,brown_bullhead,1,10848442
169,up1,1972,creek_chub,5,10849602
170,up2,1972,pumpkinseed,5,10849602
171,up3,1972,white_sucker,4,10849602
172,up4,1972,goldfish,2,10849602
173,up5,1972,bluegill,1,10849602
174,up6,1972,fathead_minnow,2,10849602
175,ur-1,1972,green_sunfish,1,10849602
176,ur-2,1972,fathead_minnow,1,10849608
177,ur-3,1972,golden_shiner,2,10849508
178,ur-4,1972,nfc,0,10849602
179,ur-5,1972,brook_stickleback,2,10849548
180,wall0,1972,nfc,0,10849488
181,wall1,1972,fathead_minnow,1,10849464
182,wall2,1972,golden_shiner,1,10849416
183,wall3,1972,goldfish,1,10849382
184,wall4,1972,green_sunfish,1,10850132
185,wall5,1972,largemouth_bass,1,10849382
186,wall6,1972,pumpkinseed,4,10848500
187,wall7,1972,nfc,0,10848510
188,walnutl,1972,blacknose_dace,3,10848618
189,will1,1972,brown_bullhead,1,10849712
190,will2,1972,common_shiner,3,10850148
191,will3,1972,creek_chub,24,10849712
192,wingl,1972,johnny_darter,1,10848476
193,john10,1972,redside_dace,1,10849588
194,main21,1972,white_sucker,14,10849770
195,low14,1972,blacknose_dace,2,10850162
196,fi-1,1972,common_shiner,2,10850390
197,dixavebrigde,1972,creek_chub,3,10850388
198,mn-10dnr,1972,mottled_sculpin,3,10849770
199,lower1,1972,white_sucker,3,10849762
200,lower3,1972,brown_bullhead,1,10849790
201,lower4,1972,common_carp,1,10849794
202,l-1,1972,central_mudminnow,4,10849774
203,dnr13,1972,central_stoneroller,1,10849778
204,dnr3,1972,creek_chub,7,10850156
205,dnr4,1972,northern_redbelly_dace,1,10850156
206,middle1,1972,pumpkinseed,2,10849670
207,md-6,1972,white_sucker,5,10849648
208,newburglake,1972,brook_stickleback,1,10850234
209,wilcoxlake,1972,creek_chub,14,10850224
210,phoenixlake,1972,white_sucker,6,10850222
211,middle4,1972,central_mudminnow,1,10849642
212,middle7,1972,fathead_minnow,111,10850304
213,johnson14,1972,pumpkinseed,2,10850134
214,md-14,1972,black_crappie,3,10849630
215,md-2,1972,bluegill,1,10849464
216,bishopcr9,1972,creek_chub,1,10849434
217,bishopcr10,1972,pumpkinseed,1,10849424
218,md-13,1986,creek_chub,71,10849426
219,md-1,1986,white_sucker,15,10849382
220,u-4,1986,goldfish,1,10849608
221,u-7,1986,common_carp,26,10849532
222,dnr2,1986,green_sunfish,10,10849618
223,upper1,1986,central_mudminnow,30,10849602
224,upper3,1986,common_shiner,56,10849602
225,upper4,1986,central_stoneroller,5,10849602
226,upper5,1986,bluegill,1,10849374
227,dnr1,1986,brook_stickleback,9,10849462
228,mn-3dnr,1986,fathead_minnow,61,10849438
229,upper6,1986,black_bullhead,1,10849378
230,dnr10,1986,northern_redbelly_dace,1,10848526
231,dnr9,1986,creek_chub,27,10848522
232,franklin11,1986,white_sucker,73,10850302
233,mn-2dnr,1986,common_carp,4,10848602
234,mn-7dnr,1986,green_sunfish,11,10848448
235,main7dnr,1986,central_mudminnow,14,10848448
236,main9dnr,1986,common_shiner,4,10848472
237,thorton12,1986,johnny_darter,5,10849466
238,tonquishcreek17,1986,gizzard_shad,1,10849668
239,tonquishcreek19,1986,fathead_minnow,1,10849684
240,tonquishcreek20,1986,brook_stickleback,1,10850148
241,lower9,1986,carpgoldfish_hybrid,14,10849736
242,lower10,1986,pumpkinseed,1,10849708
243,lower11,1986,central_mudminnow,3,10849702
244,main2dnr,1986,fathead_minnow,1,10849618
245,l-7,1986,central_mudminnow,11,10850176
246,md-10,1986,common_carp,14,10849718
247,dnr16,1986,white_sucker,3,10849756
248,dnrnfel,1986,fathead_minnow,1,10849706
249,evan5,1986,goldfish,1,10849456
250,fel4,1986,carpgoldfish_hybrid,3,10849736
251,fowl2,1986,creek_chub,80,10849786
252,fowl4,1986,white_sucker,24,10849812
253,fowl5,1986,central_stoneroller,41,10849784
254,frank1,1986,common_carp,3,10848522
255,frank2,1986,rock_bass,30,10848482
256,john3,1986,pumpkinseed,4,10849522
257,john6,1986,green_sunfish,5,10850134
258,john7,1986,central_stoneroller,113,10849568
259,low11,1986,bluntnose_minnow,13,10849778
260,low4,1986,bluegill,4,10849774
261,low6,1986,largemouth_bass,6,10849810
262,lr-11,1986,fathead_minnow,15,10850162
263,lr-4,1986,hornyhead_chub,36,10849790
264,main10,1986,stonecat,4,10849770
265,main18,1995,bluntnose_minnow,239,10848472
266,main3,1995,common_shiner,245,10848472
267,main6,1995,creek_chub,263,10849438
268,mid1,1995,white_sucker,54,10850296
269,mid2,1995,central_stoneroller,42,10849642
270,mid3,1995,largemouth_bass,23,10849648
271,min2,1995,common_carp,29,10849378
272,mn-4,1995,rock_bass,8,10850152
273,mn-5,1995,stonecat,13,10849484
274,mn-7a,1995,johnny_darter,3,10850152
275,mr-1,1995,green_sunfish,5,10850296
276,mr-17,1995,bluegill,2,10849642
277,mr-18,1995,yellow_bullhead,1,10849622
278,mr-7,1995,spotfin_shiner,1,10850156
279,mr-8,1995,redfin_shiner,5,10850156
280,nfowl,1986,creek_chub,88,10849780
281,peb3,1986,white_sucker,21,10848526
282,peb4,1986,rock_bass,1,10849412
283,see1,1986,pumpkinseed,1,10848516
284,ton3,1986,green_sunfish,2,10849700
285,up2,1986,common_shiner,35,10849602
286,up6,1986,central_stoneroller,8,10849602
287,ur-4,1986,blacknose_dace,2,10849602
288,wall1,1986,blacknose_dace,7,10849464
289,wall2,1986,brook_stickleback,1,10849416
290,wall5,1986,white_sucker,1,10849382
291,md-2,1986,creek_chub,20,10849464
292,bishopcr10,1986,fathead_minnow,1,10849424
293,u-7,1986,green_sunfish,2,10849532
294,upper5,1986,creek_chub,7,10849374
295,dnr9,1986,white_sucker,19,10848522
296,tonquishcreek17,1986,common_shiner,1,10849668
297,evan5,1986,bluntnose_minnow,1,10849456
298,fowl5,1986,fathead_minnow,76,10849784
299,frank1,1986,blacknose_dace,2,10848522
300,main18,1986,black_crappie,3,10848472
301,mid3,1986,bluntnose_minnow,5,10849648
302,ton3,1986,central_mudminnow,1,10849700
303,ur-4,1986,central_stoneroller,1,10849602
304,upper5,1986,channel_catfish,1,10849374
305,bell1,1986,common_carp,14,10849560
306,bell2,1986,white_sucker,34,10849554
307,bell3,1986,creek_chub,24,10849560
308,bell4,1986,fathead_minnow,1,10849564
309,bish2,1986,green_sunfish,34,10849426
310,cl,1986,sunfish_hybrid,2,10849488
311,dnrnfel,1986,johnny_darter,7,10849706
312,evan1,1986,largemouth_bass,3,10848534
313,evan2,1986,northern_hog_sucker,1,10850126
314,evan3,1986,northern_pike,4,10849456
315,evan4,1986,pumpkinseed,8,10849482
316,evan5,1986,rock_bass,3,10849456
317,fel1,1986,yellow_bullhead,2,10849646
318,fel2,1986,creek_chub,52,10849714
319,fel3,1986,white_sucker,28,10849674
320,fel4,1986,common_carp,4,10849736
321,fel5,1986,rock_bass,2,10849704
322,fel6,1986,pumpkinseed,2,10849704
323,fel7,1986,green_sunfish,7,10849676
324,flow2,1986,central_mudminnow,1,10848448
325,fowl1,1986,mottled_sculpin,50,10849730
326,fowl2,1986,common_shiner,2,10849786
327,fowl3,1986,central_stoneroller,5,10849806
328,fowl4,1986,bluntnose_minnow,4,10849812
329,fowl5,1986,rainbow_darter,1,10849784
330,fowl6,1986,blacknose_dace,7,10849730
331,frank1,1986,creek_chub,15,10848522
332,frank2,1986,white_sucker,10,10848482
333,frank3,1986,rock_bass,35,10848616
334,frank4,1986,pumpkinseed,38,10848616
335,frank5,1986,green_sunfish,6,10848458
336,frank6,1986,mottled_sculpin,2,10848468
337,frank7,1986,central_stoneroller,2,10848468
338,frank8,1986,bluntnose_minnow,18,10848616
339,gilbl,1986,bluegill,13,10848462
340,haml,1986,yellow_bullhead,4,10848442
341,ing1,1986,sunfish_hybrid,1,10849424
342,john1,1986,largemouth_bass,2,10849630
343,john2,1986,johnny_darter,4,10849614
344,john3,1986,creek_chub,8,10849522
345,john5,1986,white_sucker,26,10850134
346,john6,1986,rock_bass,46,10850134
347,john7,1986,pumpkinseed,20,10849568
348,john8,1986,bluntnose_minnow,12,10849504
349,john9,1986,bluegill,82,10849630
350,johnrhs,1986,sunfish_hybrid,1,10850134
351,johnswd,1986,largemouth_bass,10,10849598
352,low10,1986,johnny_darter,1,10850168
353,low11,1986,hornyhead_chub,8,10849778
354,low12,1986,longear_sunfish,1,10849774
355,low13,1995,white_sucker,48,10849790
356,low2,1995,creek_chub,133,10849724
357,low3,1995,green_sunfish,73,10849726
358,low4,1995,fathead_minnow,1,10849774
359,low5,1995,johnny_darter,1,10849802
360,low6,1995,central_mudminnow,2,10849810
361,low7,1986,goldfish,18,10849790
362,low8,1986,common_carp,9,10849790
363,low9,1986,white_sucker,6,10849778
364,lr-1,1986,rock_bass,9,10849810
365,lr-10,1986,pumpkinseed,4,10849762
366,lr-11,1986,bluegill,9,10850162
367,lr-11a,1986,largemouth_bass,1,10850162
368,lr-12,1986,longear_sunfish,1,10849800
369,lr-2,1986,creek_chub,11,10850168
370,lr-3,1986,white_sucker,2,10849790
371,lr-4,1986,fathead_minnow,11,10849790
372,lr-5,1986,goldfish,5,10849756
373,lr-6,1986,common_shiner,1,10849790
374,lr-7,1986,common_carp,2,10850182
375,lr-8,1986,creek_chub,2,10849778
376,lr-9,1986,goldfish,6,10850150
377,main1,1995,bluegill,14,10848426
378,main10,1995,golden_shiner,9,10849770
379,main11,1995,brown_bullhead,4,10848598
380,main12,1995,yellow_perch,2,10849770
381,main12n,1995,johnny_darter,7,10849770
382,main13,1995,black_crappie,1,10848472
383,main14,1995,grass_pickerel,1,10850152
384,main15,1995,white_sucker,207,10848472
385,main16,1995,green_sunfish,165,10848450
386,main17,1995,creek_chub,125,10849364
387,main18,1995,pumpkinseed,37,10848472
388,main19,1995,rock_bass,40,10849462
389,main2,1995,bluntnose_minnow,24,10848472
390,main20,1995,largemouth_bass,31,10849728
391,main3,1995,central_stoneroller,5,10848472
392,main4,1995,blacknose_dace,1,10848486
393,main4.5,1995,spotfin_shiner,1,10848486
394,main5,1995,sunfish_hybrid,1,10848602
395,main6,1995,creek_chub,178,10849438
396,main7,1995,common_shiner,49,10849438
397,main7.5,1995,white_sucker,34,10849438
398,main8,1995,blacknose_dace,13,10849768
399,main9,1995,central_stoneroller,9,10849770
400,mid1,1995,rock_bass,7,10850296
401,mid2,1995,largemouth_bass,6,10849642
402,mid3,1995,yellow_perch,1,10849648
403,mid4,1995,sunfish_hybrid,3,10850234
404,mid5,1995,bluegill,3,10850156
405,min1,1995,johnny_darter,4,10848506
406,min2,1995,black_crappie,1,10849378
407,min3,1995,bluntnose_minnow,3,10848520
408,min3a,1995,green_sunfish,2,10849378
409,min4,1986,blacknose_dace,1,10848484
410,min5,1986,common_carp,2,10848506
411,mn-1,1986,common_shiner,5,10849618
412,mn-2,1986,white_sucker,8,10849618
413,mn-3,1986,creek_chub,7,10850238
414,mn-4,1986,green_sunfish,4,10850152
415,mn-5,1986,rock_bass,2,10849484
416,mn-6,1995,creek_chub,98,10849618
417,mn-7,1995,central_stoneroller,3,10850152
418,mn-7a,1995,white_sucker,14,10850152
419,mr-1,1995,johnny_darter,48,10850296
420,mr-10,1995,blacknose_dace,84,10850156
421,mr-11,1995,bluntnose_minnow,26,10850156
422,mr-12,1995,common_carp,1,10850156
423,mr-13,1995,common_shiner,4,10850156
424,mr-14,1995,white_sucker,16,10850142
425,mr-15,1995,creek_chub,150,10850156
426,mr-16,1995,fathead_minnow,14,10849658
427,mr-17,1995,golden_shiner,1,10849642
428,mr-18,1995,green_sunfish,4,10849622
429,mr-19,1995,largemouth_bass,6,10850142
430,mr-2,1995,pumpkinseed,8,10849566
431,mr-20,1995,common_shiner,10,10849566
432,mr-21,1995,blackside_darter,1,10849668
433,mr-22,1995,bluntnose_minnow,8,10849504
434,mr-23,1995,fathead_minnow,4,10849490
435,mr-24,1995,creek_chub,3,10850142
436,mr-25,1995,green_sunfish,10,10849514
437,mr-26,1995,fathead_minnow,171,10849504
438,mr-27,1995,central_mudminnow,7,10849524
439,mr-28,1995,gizzard_shad,1,10850142
440,mr-2a,1995,pumpkinseed,1,10849566
441,mr-3,1995,bluegill,1,10849642
442,mr-4,1995,largemouth_bass,2,10849648
443,mr-5,1995,goldfish,3,10850156
444,mr-6,1995,brook_stickleback,1,10850156
445,mr-7,1995,starhead_topminnow,1,10850156
446,mr-8,1995,green_sunfish,2,10850156
447,mr-9,1995,brook_stickleback,1,10850156
448,mur2,1986,creek_chub,13,10848594
449,nfowl,1986,goldfish,6,10849780
450,nott,1995,bluegill,1,10848512
451,nott2,1995,brook_stickleback,1,10848512
452,nton,1995,common_carp,1,10850142
453,peb1,1995,creek_chub,3,10848526
454,peb2,1995,common_carp,1,10848526
455,peb3,1995,common_shiner,1,10848526
456,peb4,1995,white_sucker,5,10849412
457,peb5,1995,creek_chub,2,10848490
458,rav,1995,fathead_minnow,1,10849442
459,see1,1995,rock_bass,1,10848516
460,see2,1995,mottled_sculpin,159,10849376
461,see3,1995,creek_chub,52,10848516
462,see4,1995,green_sunfish,67,10848492
463,seebosch,1995,central_mudminnow,53,10849374
464,seesto,1995,pumpkinseed,10,10848492
465,simpl,1995,common_shiner,6,10848614
466,sprag,1995,northern_redbelly_dace,2,10848422
467,tar2,1995,white_sucker,28,10849472
468,ton1,1995,bluegill,8,10850142
469,ton1/2,1995,blacknose_dace,15,10850142
470,ton2,1995,largemouth_bass,4,10850142
471,ton3,1995,brown_trout,2,10849700
472,ull,1995,fathead_minnow,2,10848442
473,up1,1986,common_carp,1,10849602
474,up2,1986,creek_chub,1,10849602
475,up3,1986,fathead_minnow,2,10849602
476,up4,1986,green_sunfish,1,10849602
477,up5,1986,pumpkinseed,1,10849602
478,up6,1995,common_carp,1,10849602
479,ur-1,1995,bluegill,1853,10849602
480,ur-2,1995,pumpkinseed,89,10849608
481,ur-3,1995,largemouth_bass,21,10849508
482,ur-4,1995,white_sucker,273,10849602
483,ur-5,1995,black_crappie,107,10849548
484,wall0,1995,northern_pike,11,10849488
485,wall1,1995,green_sunfish,1,10849464
486,wall2,1995,common_carp,28,10849416
487,wall3,1995,black_bullhead,56,10849382
488,wall4,1995,pumpkinseed,5,10850132
489,wall5,1995,common_shiner,7,10849382
490,wall6,1995,largemouth_bass,1,10848500
491,wall7,1995,common_carp,9,10848510
492,walnutl,1986,common_carp,2,10848618
493,will1,1986,fathead_minnow,3,10849712
494,will2,1986,creek_chub,88,10850148
495,will3,1986,white_sucker,31,10849712
496,wingl,1986,pumpkinseed,1,10848476
497,john10,1986,green_sunfish,8,10849588
498,main21,1995,creek_chub,102,10849770
499,low14,1995,mottled_sculpin,58,10850162
500,fi-1,1995,white_sucker,37,10850390
501,dixavebrigde,1995,central_mudminnow,1,10850388
502,mn-10dnr,1995,johnny_darter,2,10849770
503,lower1,1995,central_stoneroller,5,10849762
504,lower3,1995,pumpkinseed,13,10849790
505,lower4,1995,green_sunfish,9,10849794
506,l-1,1995,largemouth_bass,3,10849774
507,dnr13,1995,common_shiner,4,10849778
508,dnr3,1995,bluntnose_minnow,9,10850156
509,dnr4,1995,blacknose_dace,6,10850156
510,middle1,1995,bluegill,1,10849670
511,md-6,1995,common_carp,3,10849648
512,newburglake,1995,creek_chub,24,10850234
513,wilcoxlake,1995,green_sunfish,1,10850224
514,phoenixlake,1995,white_sucker,6,10850222
515,middle4,1995,creek_chub,11,10849642
516,middle7,1995,fathead_minnow,46,10850304
517,johnson14,1995,green_sunfish,6,10850134
518,md-14,1986,pumpkinseed,4,10849630
519,md-2,1995,largemouth_bass,131,10849464
520,bishopcr9,1995,green_sunfish,3,10849434
521,bishopcr10,1995,creek_chub,161,10849424
522,md-13,1995,mottled_sculpin,132,10849426
523,md-1,1995,common_shiner,29,10849382
524,u-4,1995,blacknose_dace,52,10849608
525,u-7,1995,white_sucker,30,10849532
526,dnr2,1995,green_sunfish,28,10849618
527,upper1,1995,fathead_minnow,5,10849602
528,upper3,1995,black_bullhead,1,10849602
529,upper4,1995,largemouth_bass,2,10849602
530,upper5,1995,redside_dace,7,10849374
531,dnr1,1995,central_stoneroller,2,10849462
532,mn-3dnr,1995,rainbow_trout,1,10849438
533,upper6,1995,central_mudminnow,1,10849378
534,dnr10,1995,northern_hog_sucker,6,10848526
535,dnr9,1995,johnny_darter,1,10848522
536,franklin11,1995,brook_lamprey,2,10850302
537,mn-2dnr,1995,blacknose_dace,8,10848602
538,mn-7dnr,1995,mottled_sculpin,41,10848448
539,main7dnr,1995,redside_dace,13,10848448
540,main9dnr,1995,white_sucker,6,10848472
541,thorton12,1995,creek_chub,27,10849466
542,tonquishcreek17,1995,green_sunfish,12,10849668
543,tonquishcreek19,1995,largemouth_bass,1,10849684
544,tonquishcreek20,1995,black_bullhead,2,10850148
545,lower9,1995,central_mudminnow,8,10849736
546,lower10,1995,common_carp,3,10849708
547,lower11,1995,white_sucker,2,10849702
548,main2dnr,1995,creek_chub,32,10849618
549,l-7,1995,green_sunfish,27,10850176
550,md-10,1995,largemouth_bass,2,10849718
551,dnr16,1995,pumpkinseed,2,10849756
552,dnrnfel,1995,bluegill,1,10849706
553,evan5,1995,central_mudminnow,1,10849456
554,fel4,1995,blacknose_dace,83,10849736
555,fowl2,1995,central_stoneroller,2,10849786
556,fowl4,1995,creek_chub,43,10849812
557,fowl5,1995,green_sunfish,26,10849784
558,frank1,1995,largemouth_bass,2,10848522
559,frank2,1995,white_sucker,31,10848482
560,john3,1995,common_shiner,14,10849522
561,john6,1995,bluntnose_minnow,2,10850134
562,john7,1995,pumpkinseed,1,10849568
563,low11,1995,blacknose_dace,3,10849778
564,low4,1995,bluegill,2,10849774
565,low6,1995,fathead_minnow,1,10849810
566,lr-11,1995,rock_bass,29,10850162
567,lr-4,1995,green_sunfish,1,10849790
568,main10,1995,yellow_perch,1,10849770
569,main18,1995,bluegill,12,10848472
570,main3,1995,largemouth_bass,1,10848472
571,main6,1995,pumpkinseed,7,10849438
572,mid1,1995,white_sucker,7,10850296
573,mid2,1995,bluntnose_minnow,2,10849642
574,mid3,1995,common_carp,2,10849648
575,min2,1995,creek_chub,277,10849378
576,mn-4,1995,white_sucker,33,10850152
577,mn-5,1995,common_shiner,11,10849484
578,mn-7a,1995,largemouth_bass,12,10850152
579,mr-1,1995,green_sunfish,19,10850296
580,mr-17,1995,bluegill,1,10849642
581,mr-18,1995,johnny_darter,11,10849622
582,mr-7,1995,central_stoneroller,40,10850156
583,mr-8,1995,common_carp,2,10850156
584,nfowl,1995,pumpkinseed,1,10849780
585,peb3,1995,mottled_sculpin,1,10848526
586,peb4,1995,fathead_minnow,11,10849412
587,see1,1995,bluegill,6,10848516
588,ton3,1995,central_mudminnow,19,10849700
589,up2,1995,creek_chub,29,10849602
590,up6,1995,brook_stickleback,1,10849602
591,ur-4,1995,white_sucker,26,10849602
592,wall1,1995,creek_chub,1,10849464
593,wall2,1995,fathead_minnow,25,10849416
594,wall5,1995,green_sunfish,3,10849382
595,md-2,1995,largemouth_bass,2,10849464
596,bishopcr10,1986,central_mudminnow,2,10849424
597,u-7,1986,mottled_sculpin,29,10849532
598,upper5,1986,common_shiner,6,10849374
599,dnr9,1986,central_stoneroller,2,10848522
600,tonquishcreek17,1972,white_sucker,1,10849668
601,evan5,1986,blacknose_dace,29,10849456
602,fowl5,1986,bluegill,1,10849784
603,frank1,1986,largemouth_bass,1,10848522
604,main18,1986,northern_hog_sucker,13,10848472
605,mid3,1986,stonecat,1,10849648
606,ton3,1986,redside_dace,1,10849700
607,ur-4,1986,creek_chub,17,10849602
608,upper5,1986,white_sucker,7,10849374
609,bell1,1986,green_sunfish,3,10849560
610,bell2,1986,common_shiner,5,10849554
611,bell3,1986,fathead_minnow,8,10849560
612,bell4,1986,creek_chub,5,10849564
613,bish2,1986,white_sucker,25,10849426
614,cl,1986,goldfish,1,10849488
615,dnrnfel,1986,pumpkinseed,2,10849706
616,evan1,1986,sunfish_hybrid,3,10848534
617,evan2,1986,bluegill,1,10850126
618,evan3,1986,largemouth_bass,1,10849456
619,evan4,1986,brown_bullhead,1,10849482
620,evan5,1986,central_mudminnow,1,10849456
621,fel1,1986,fathead_minnow,2,10849646
622,fel2,1986,creek_chub,20,10849714
623,fel3,1986,white_sucker,29,10849674
624,fel4,1986,green_sunfish,2,10849736
625,fel5,1986,central_mudminnow,2,10849704
626,fel6,1986,central_stoneroller,1,10849704
627,fel7,1986,bluntnose_minnow,2,10849676
628,flow2,1986,common_shiner,2,10848448
629,fowl1,1986,brook_stickleback,1,10849730
630,fowl2,1986,fathead_minnow,3,10849786
631,fowl3,1995,mottled_sculpin,335,10849806
632,fowl4,1995,central_mudminnow,1,10849812
633,fowl5,1995,white_sucker,33,10849784
634,fowl6,1995,creek_chub,115,10849730
635,frank1,1995,green_sunfish,2,10848522
636,frank2,1995,largemouth_bass,1,10848482
637,frank3,1995,mottled_sculpin,143,10848616
638,frank4,1995,creek_chub,35,10848616
639,frank5,1995,blacknose_dace,22,10848458
640,frank6,1995,white_sucker,4,10848468
641,frank7,1995,central_stoneroller,1,10848468
642,frank8,1995,pumpkinseed,1,10848616
643,gilbl,1995,mottled_sculpin,63,10848462
644,haml,1995,creek_chub,7,10848442
645,ing1,1995,blacknose_dace,9,10849424
646,john1,1995,white_sucker,1,10849630
647,john2,1995,central_stoneroller,1,10849614
648,john3,1995,blacknose_dace,20,10849522
649,john5,1995,central_stoneroller,3,10850134
650,john6,1995,blackchin_shiner,1,10850134
651,john7,1995,brook_stickleback,19,10849568
652,john8,1995,white_sucker,6,10849504
653,john9,1995,creek_chub,66,10849630
654,johnrhs,1995,fathead_minnow,1,10850134
655,johnswd,1995,gizzard_shad,1000,10849598
656,low10,1995,emerald_shiner,1000,10850168
657,low11,1995,common_carp,40,10849778
658,low12,1995,white_sucker,17.5,10849774
659,low13,1995,spotted_sucker,17.5,10849790
660,low2,1995,goldfish,7.5,10849724
661,low3,1995,yellow_perch,7.5,10849726
662,low4,1995,bluegill,7.5,10849774
663,low5,1995,pumpkinseed,7.5,10849802
664,low6,1995,rock_bass,7.5,10849810
665,low7,1995,northern_pike,8,10849790
666,low8,1995,white_perch,2,10849790
667,low9,1995,green_sunfish,1,10849778
668,lr-1,1995,smallmouth_bass,2,10849810
669,lr-10,1995,largemouth_bass,1,10849762
670,lr-11,1995,creek_chub,1,10850162
671,lr-11a,1995,fathead_minnow,1,10850162
672,lr-12,1995,longnose_gar,2,10849800
673,lr-2,1995,steelhead,2,10850168
674,lr-3,1995,common_carp,1,10849790
675,lr-4,1995,gizzard_shad,4,10849790
676,lr-5,1995,white_sucker,5,10849756
677,lr-6,1995,spotted_sucker,1,10849790
678,lr-7,1995,brown_bullhead,1,10850182
679,lr-8,1995,black_bullhead,1,10849778
680,lr-9,1995,white_perch,4,10850150
681,main1,1995,largemouth_bass,3,10848426
682,main10,1995,rock_bass,12,10849770
683,main11,1995,yellow_perch,7,10848598
684,main12,1995,common_shiner,1,10849770
685,main12n,1995,fathead_minnow,2,10849770
686,main13,1995,emerald_shiner,4,10848472
687,main14,1995,pumpkinseed,85,10850152
688,main15,1995,green_sunfish,13,10848472
689,main16,1995,bluegill,4,10848450
690,main17,1995,black_crappie,1,10849364
691,main18,1995,goldfish,8,10848472
692,main19,1995,gizzard_shad,7,10849462
693,main2,1995,white_sucker,19,10848472
694,main20,1995,spotted_sucker,1,10849728
695,main3,1995,largemouth_bass,3,10848472
696,main4,1995,rock_bass,2,10848486
697,main4.5,1995,emerald_shiner,1,10848486
698,main5,1995,pumpkinseed,1,10848602
699,main6,1995,goldfish,3,10849438
700,main7,1995,chinook_salmon,4,10849438
701,main7.5,1995,steelhead,1,10849438
702,main8,1995,brook_silverside,2,10849768
703,main9,1995,muskellunge,1,10849770
704,mid1,1995,creek_chub,136,10850296
705,mid2,1995,mottled_sculpin,75,10849642
706,mid3,1995,common_shiner,12,10849648
707,mid4,1995,blacknose_dace,29,10850234
708,mid5,1995,white_sucker,23,10850156
709,min1,1995,green_sunfish,12,10848506
710,min2,1995,fathead_minnow,3,10849378
711,min3,1995,black_bullhead,2,10848520
712,min3a,1995,redside_dace,2,10849378
713,min4,1995,central_stoneroller,4,10848484
714,min5,1995,northern_hog_sucker,1,10848506
715,mn-1,1995,johnny_darter,2,10849618
716,mn-2,1995,pumpkinseed,1,10849618
717,mn-3,1995,creek_chub,108,10850238
718,mn-4,1995,mottled_sculpin,48,10850152
719,mn-5,1995,common_shiner,33,10849484
720,mn-6,1995,blacknose_dace,18,10849618
721,mn-7,1995,white_sucker,13,10850152
722,mn-7a,1995,green_sunfish,8,10850152
723,mr-1,1995,fathead_minnow,1,10850296
724,mr-10,1995,redside_dace,3,10850156
725,mr-11,1995,central_stoneroller,1,10850156
726,mr-12,1995,northern_hog_sucker,1,10850156
727,mr-13,1995,johnny_darter,5,10850156
728,mr-14,1995,brook_lamprey,1,10850142
729,mr-15,1995,black_bullhead,32,10850156
730,mr-16,1995,largemouth_bass,11,10849658
731,mr-17,1995,bluegill,12,10849642
732,mr-18,1995,green_sunfish,8,10849622
733,mr-19,1995,pumpkinseed,11,10850142
734,mr-2,1995,fathead_minnow,3,10849566
735,mr-20,1995,bluntnose_minnow,1,10849566
736,mr-21,1995,creek_chub,199,10849668
737,mr-22,1995,common_shiner,83,10849504
738,mr-23,1995,johnny_darter,48,10849490
739,mr-24,1995,blacknose_dace,42,10850142
740,mr-25,1995,white_sucker,24,10849514
741,mr-26,1995,mottled_sculpin,26,10849504
742,mr-27,1995,central_stoneroller,54,10849524
743,mr-28,1995,creek_chub,69,10850142
744,mr-2a,1995,common_shiner,29,10849566
745,mr-3,1995,johnny_darter,28,10849642
746,mr-4,1995,blacknose_dace,17,10849648
747,mr-5,1995,white_sucker,15,10850156
748,mr-6,1995,central_stoneroller,14,10850156
749,mr-7,1995,mottled_sculpin,9,10850156
750,mr-8,1995,black_bullhead,8,10850156
751,mr-9,1995,brown_bullhead,1,10850156
752,mur2,1995,largemouth_bass,1,10848594
753,nfowl,1995,bluegill,7,10849780
754,nott,1995,green_sunfish,4,10848512
755,nott2,1995,pumpkinseed,2,10848512
756,nton,1995,redside_dace,2,10850142
757,peb1,1995,common_carp,1,10848526
758,peb2,1995,creek_chub,293,10848526
759,peb3,1995,common_shiner,31,10848526
760,peb4,1995,blacknose_dace,108,10849412
761,peb5,1995,white_sucker,27,10848490
762,rav,1995,fathead_minnow,2,10849442
763,see1,1995,largemouth_bass,1,10848516
764,see2,1995,pumpkinseed,2,10849376
765,see3,1995,green_sunfish,2,10848516
766,see4,1995,creek_chub,84,10848492
767,seebosch,1995,blacknose_dace,28,10849374
768,seesto,1995,common_shiner,15,10848492
769,simpl,1995,white_sucker,12,10848614
770,sprag,1995,largemouth_bass,1,10848422
771,tar2,1995,green_sunfish,1,10849472
772,ton1,1995,pumpkinseed,2,10850142
773,ton1/2,1995,creek_chub,52,10850142
774,ton2,1995,common_shiner,12,10850142
775,ton3,1995,blacknose_dace,14,10849700
776,ull,1995,white_sucker,3,10848442
777,up1,1995,largemouth_bass,1,10849602
778,up2,1995,creek_chub,71,10849602
779,up3,1995,white_sucker,30,10849602
780,up4,1995,green_sunfish,35,10849602
781,up5,1995,bluntnose_minnow,2,10849602
782,up6,1995,common_shiner,2,10849602
783,ur-1,1995,fathead_minnow,1,10849602
784,ur-2,1995,largemouth_bass,2,10849608
785,ur-3,1995,creek_chub,96,10849508
786,ur-4,1995,blacknose_dace,18,10849602
787,ur-5,1995,brook_stickleback,9,10849548
788,wall0,1995,green_sunfish,9,10849488
789,wall1,1995,white_sucker,8,10849464
790,wall2,1995,bluntnose_minnow,6,10849416
791,wall3,1995,central_mudminnow,6,10849382
792,wall4,1995,yellow_perch,1,10850132
793,wall5,1995,pumpkinseed,1,10849382
794,wall6,1995,creek_chub,194,10848500
795,wall7,1995,blacknose_dace,71,10848510
796,walnutl,1995,white_sucker,59,10848618
797,will1,1995,central_mudminnow,29,10849712
798,will2,1995,largemouth_bass,29,10850148
799,will3,1995,pumpkinseed,15,10849712
800,wingl,1995,green_sunfish,11,10848476
801,john10,1995,yellow_perch,10,10849588
802,main21,1995,bluntnose_minnow,9,10849770
803,low14,1995,johnny_darter,8,10850162
804,fi-1,1995,bluegill,1,10850390
805,dixavebrigde,1995,brook_stickleback,1,10850388
806,mn-10dnr,1995,redside_dace,1,10849770
807,lower1,1995,rainbow_darter,4,10849762
808,lower3,1995,johnny_darter,2,10849790
809,lower4,1995,mottled_sculpin,181,10849794
810,l-1,1995,creek_chub,32,10849774
811,dnr13,1995,green_sunfish,27,10849778
812,dnr3,1995,central_mudminnow,36,10850156
813,dnr4,1995,pumpkinseed,8,10850156
814,middle1,1995,common_shiner,1,10849670
815,md-6,1995,northern_redbelly_dace,1,10849648
816,newburglake,1995,white_sucker,16,10850234
817,wilcoxlake,1995,bluegill,6,10850224
818,phoenixlake,1995,largemouth_bass,5,10850222
819,middle4,1995,redside_dace,2,10849642
820,middle7,1995,rainbow_darter,2,10850304
821,johnson14,1995,johnny_darter,10,10850134
822,md-14,1995,brown_bullhead,1,10849630
823,md-2,1995,mottled_sculpin,163,10849464
824,bishopcr9,1995,creek_chub,13,10849434
825,bishopcr10,1995,green_sunfish,20,10849424
826,md-13,1995,central_mudminnow,17,10849426
827,md-1,1995,pumpkinseed,2,10849382
828,u-4,1995,white_sucker,7,10849608
829,u-7,1995,bluegill,4,10849532
830,dnr2,1995,blacknose_dace,13,10849618
831,upper1,1995,rainbow_darter,2,10849602
832,upper3,1995,johnny_darter,2,10849602
833,upper4,1995,brook_stickleback,1,10849602
834,upper5,1995,golden_shiner,2,10849374
835,dnr1,1995,golden_shiner,84,10849462
836,mn-3dnr,1995,brown_trout,1,10849438
837,upper6,1995,bluegill,719,10849378
838,dnr10,1995,pumpkinseed,163,10848526
839,dnr9,1995,largemouth_bass,32,10848522
840,franklin11,1995,rock_bass,3,10850302
841,mn-2dnr,1995,white_sucker,1,10848602
842,mn-7dnr,1995,common_carp,1,10848448
843,main7dnr,1995,golden_shiner,2,10848448
844,main9dnr,1995,black_bullhead,1,10848472
845,thorton12,1995,yellow_perch,1,10849466
846,tonquishcreek17,1995,bluegill,74,10849668
847,tonquishcreek19,1995,pumpkinseed,16,10849684
848,tonquishcreek20,1995,black_crappie,1,10850148
849,lower9,1995,largemouth_bass,1,10849736
850,lower10,1995,rock_bass,1,10849708
851,lower11,1995,bluegill,664,10849702
852,main2dnr,1995,largemouth_bass,20,10849618
853,l-7,1995,black_crappie,241,10850176
854,md-10,1995,white_crappie,2,10849718
855,dnr16,1995,northern_pike,10,10849756
856,dnrnfel,1995,yellow_perch,5,10849706
857,evan5,1995,black_bullhead,8,10849456
858,fel4,1995,yellow_bullhead,2,10849736
859,fowl2,1995,white_sucker,41,10849786
860,fowl4,1995,common_carp,28,10849812
861,fowl5,1995,golden_shiner,80,10849784
862,frank1,1995,pumpkinseed,81,10848522
863,frank2,1995,bluegill,225,10848482
864,john3,1995,pumpkinseed,45,10849522
865,john6,1995,largemouth_bass,20,10850134
866,john7,1995,black_crappie,2,10849568
867,low11,1995,black_bullhead,4,10849778
868,low4,1995,green_sunfish,1,10849774
869,low6,1995,common_carp,9,10849810
870,lr-11,1995,white_sucker,16,10850162
871,lr-4,1995,bluntnose_minnow,6,10849790
872,main10,1995,golden_shiner,11,10849770
873,main18,1995,bluegill,126,10848472
874,main3,1995,pumpkinseed,35,10848472
875,main6,1995,black_crappie,3,10849438
876,mid1,1995,yellow_bullhead,1,10850296
877,mid2,1995,golden_shiner,3,10849642
878,mid3,1995,bluntnose_minnow,3,10849648
879,min2,1995,bluegill,288,10849378
880,mn-4,1995,black_crappie,333,10850152
881,mn-5,1995,white_crappie,2,10849484
882,mn-7a,1995,largemouth_bass,7,10850152
883,mr-1,1995,pumpkinseed,17,10850296
884,mr-17,1995,northern_pike,14,10849642
885,mr-18,1995,yellow_perch,3,10849622
886,mr-7,1995,channel_catfish,1,10850156
887,mr-8,1995,rock_bass,1,10850156
888,nfowl,1995,black_bullhead,9,10849780
889,peb3,1995,brown_bullhead,1,10848526
890,peb4,1995,white_sucker,128,10849412
891,see1,1995,common_shiner,1,10848516
892,ton3,1995,common_carp,24,10849700
893,up2,1995,golden_shiner,14,10849602
894,up6,1995,bluegill,2,10849602
895,ur-4,1995,black_crappie,1,10849602
896,wall1,1995,northern_pike,1,10849464
897,wall2,1995,white_sucker,22,10849416
898,wall5,1995,golden_shiner,1,10849382
899,md-2,1995,pumpkinseed,8,10849464
900,bishopcr10,1995,white_sucker,1,10849424
901,u-7,1995,bluntnose_minnow,4,10849532
902,upper5,1995,creek_chub,115,10849374
903,dnr9,1995,white_sucker,13,10848522
904,tonquishcreek17,1995,common_shiner,9,10849668
905,evan5,1995,largemouth_bass,5,10849456
906,fowl5,1995,green_sunfish,13,10849784
907,frank1,1995,bluegill,1,10848522
908,main18,1995,johnny_darter,3,10848472
909,mid3,1995,central_stoneroller,18,10849648
910,ton3,1995,fathead_minnow,6,10849700
911,ur-4,1995,creek_chub,61,10849602
912,upper5,1995,white_sucker,3,10849374
913,bell1,1995,common_shiner,3,10849560
914,bell2,1995,green_sunfish,7,10849554
915,bell3,1995,johnny_darter,9,10849560
916,bell4,1995,central_stoneroller,4,10849564
917,bish2,1995,fathead_minnow,5,10849426
918,cl,1995,creek_chub,79,10849488
919,dnrnfel,1995,white_sucker,10,10849706
920,evan1,1995,central_mudminnow,46,10848534
921,evan2,1995,green_sunfish,1,10850126
922,evan3,1995,northern_redbelly_dace,9,10849456
923,evan4,1995,brook_stickleback,34,10849482
924,evan5,1995,golden_shiner,4,10849456
925,fel1,1995,bluegill,1,10849646
926,fel2,1995,central_mudminnow,1,10849714
927,fel3,1995,pumpkinseed,1,10849674
928,fel4,1995,creek_chub,45,10849736
929,fel5,1995,common_shiner,28,10849704
930,fel6,1995,green_sunfish,28,10849704
931,fel7,1995,white_sucker,11,10849676
932,flow2,1995,blacknose_dace,11,10848448
933,fowl1,1995,fathead_minnow,4,10849730
934,fowl2,1995,bluntnose_minnow,3,10849786