"","FIELDID","Method","DateSampled","CommonName","TotalFish","Branch","StreamName","year","month","day","timebetween"
"1","Bell4","Seine",2016-09-16,"blacknose_dace",5,"Upper","Bell Branch",2016,9,16,2174
"2","Bell4","Seine",2016-09-16,"bluegill",11,"Upper","Bell Branch",2016,9,16,2174
"3","Bell4","Seine",2016-09-16,"bluntnose_minnow",62,"Upper","Bell Branch",2016,9,16,2174
"4","Bell4","Seine",2016-09-16,"common_shiner",8,"Upper","Bell Branch",2016,9,16,2174
"5","Bell4","Seine",2016-09-16,"creek_chub",27,"Upper","Bell Branch",2016,9,16,2174
"6","Bell4","Seine",2016-09-16,"fathead_minnow",510,"Upper","Bell Branch",2016,9,16,2174
"7","Bell4","Seine",2016-09-16,"green_sunfish",10,"Upper","Bell Branch",2016,9,16,2174
"8","Bell4","Seine",2016-09-16,"johnny_darter",53,"Upper","Bell Branch",2016,9,16,2174
"9","Bell4","Seine",2016-09-16,"pumpkinseed",3,"Upper","Bell Branch",2016,9,16,2174
"10","Bell4","Seine",2016-09-16,"white_sucker",32,"Upper","Bell Branch",2016,9,16,2174
"11","Bish2","Seine",2017-06-23,"blacknose_dace",16,"Middle","Bishop Creek",2017,6,23,1894
"12","Bish2","Seine",2017-06-23,"bluegill",18,"Middle","Bishop Creek",2017,6,23,1894
"13","Bish2","Seine",2017-06-23,"central_mudminnow",4,"Middle","Bishop Creek",2017,6,23,1894
"14","Bish2","Seine",2017-06-23,"creek_chub",51,"Middle","Bishop Creek",2017,6,23,1894
"15","Bish2","Seine",2017-06-23,"golden_shiner",1,"Middle","Bishop Creek",2017,6,23,1894
"16","Bish2","Seine",2017-06-23,"green_sunfish",1,"Middle","Bishop Creek",2017,6,23,1894
"17","Bish2","Seine",2017-06-23,"johnny_darter",91,"Middle","Bishop Creek",2017,6,23,1894
"18","Bish2","Seine",2017-06-23,"pumpkinseed",3,"Middle","Bishop Creek",2017,6,23,1894
"19","Evan2","Seine",2016-10-06,"common_shiner",6,"Main","Evans Creek",2016,10,6,2154
"20","Evan2","Seine",2016-10-06,"creek_chub",66,"Main","Evans Creek",2016,10,6,2154
"21","Evan2","Seine",2016-10-06,"fathead_minnow",216,"Main","Evans Creek",2016,10,6,2154
"22","Evan2","Seine",2016-10-06,"green_sunfish",6,"Main","Evans Creek",2016,10,6,2154
"23","Evan2","Seine",2016-10-06,"largemouth_bass",1,"Main","Evans Creek",2016,10,6,2154
"24","Evan2","Seine",2016-10-06,"white_sucker",22,"Main","Evans Creek",2016,10,6,2154
"25","Evan5","Seine",2021-06-11,"blacknose_dace",19,"Main","Evans Creek",2021,6,11,445
"26","Evan5","Seine",2021-06-11,"creek_chub",10,"Main","Evans Creek",2021,6,11,445
"27","Evan5","Seine",2021-06-11,"fathead_minnow",62,"Main","Evans Creek",2021,6,11,445
"28","Fel4","Seine",2014-09-19,"blacknose_dace",3,"Lower","Fellows Creek",2014,9,19,2902
"29","Fel4","Seine",2014-09-19,"bluegill",1,"Lower","Fellows Creek",2014,9,19,2902
"30","Fel4","Seine",2014-09-19,"central_stoneroller",1,"Lower","Fellows Creek",2014,9,19,2902
"31","Fel4","Seine",2014-09-19,"common_shiner",55,"Lower","Fellows Creek",2014,9,19,2902
"32","Fel4","Seine",2014-09-19,"creek_chub",11,"Lower","Fellows Creek",2014,9,19,2902
"33","Fel4","Seine",2014-09-19,"fathead_minnow",11,"Lower","Fellows Creek",2014,9,19,2902
"34","Fel4","Seine",2014-09-19,"green_sunfish",8,"Lower","Fellows Creek",2014,9,19,2902
"35","Fel4","Seine",2014-09-19,"johnny_darter",17,"Lower","Fellows Creek",2014,9,19,2902
"36","Fel6","Seine",2014-09-19,"black_crappie",1,"Lower","Fellows Creek",2014,9,19,2902
"37","Fel6","Seine",2014-09-19,"blacknose_dace",19,"Lower","Fellows Creek",2014,9,19,2902
"38","Fel6","Seine",2014-09-19,"bluegill",6,"Lower","Fellows Creek",2014,9,19,2902
"39","Fel6","Seine",2014-09-19,"common_shiner",10,"Lower","Fellows Creek",2014,9,19,2902
"40","Fel6","Seine",2014-09-19,"creek_chub",12,"Lower","Fellows Creek",2014,9,19,2902
"41","Fel6","Seine",2014-09-19,"fathead_minnow",13,"Lower","Fellows Creek",2014,9,19,2902
"42","Fel6","Seine",2014-09-19,"johnny_darter",18,"Lower","Fellows Creek",2014,9,19,2902
"43","Fel6","Seine",2014-09-19,"largemouth_bass",2,"Lower","Fellows Creek",2014,9,19,2902
"44","Fel6","Seine",2014-09-19,"mottled_sculpin",12,"Lower","Fellows Creek",2014,9,19,2902
"45","Fel6","Seine",2014-09-19,"white_sucker",2,"Lower","Fellows Creek",2014,9,19,2902
"46","Fowl2","Seine",2021-08-26,"bluegill",5,"Lower","Fowler Creek",2021,8,26,369
"47","Fowl2","Seine",2021-08-26,"common_carp",1,"Lower","Fowler Creek",2021,8,26,369
"48","Fowl2","Seine",2021-08-26,"common_shiner",3,"Lower","Fowler Creek",2021,8,26,369
"49","Fowl2","Seine",2021-08-26,"creek_chub",1,"Lower","Fowler Creek",2021,8,26,369
"50","Fowl2","Seine",2021-08-26,"gizzard_shad",6,"Lower","Fowler Creek",2021,8,26,369
"51","Fowl2","Seine",2021-08-26,"green_sunfish",16,"Lower","Fowler Creek",2021,8,26,369
"52","Fowl2","Seine",2021-08-26,"johnny_darter",9,"Lower","Fowler Creek",2021,8,26,369
"53","Fowl2","Seine",2021-08-26,"largemouth_bass",2,"Lower","Fowler Creek",2021,8,26,369
"54","Fowl2","Seine",2021-08-26,"pumpkinseed",1,"Lower","Fowler Creek",2021,8,26,369
"55","Fowl2","Seine",2021-08-26,"round_goby",41,"Lower","Fowler Creek",2021,8,26,369
"56","Fowl2","Seine",2021-08-26,"yellow_perch",1,"Lower","Fowler Creek",2021,8,26,369
"57","Fowl4","Seine",2021-08-26,"blacknose_dace",8,"Lower","Fowler Creek",2021,8,26,369
"58","Fowl4","Seine",2021-08-26,"blackside_darter",1,"Lower","Fowler Creek",2021,8,26,369
"59","Fowl4","Seine",2021-08-26,"bluegill",4,"Lower","Fowler Creek",2021,8,26,369
"60","Fowl4","Seine",2021-08-26,"central_mudminnow",1,"Lower","Fowler Creek",2021,8,26,369
"61","Fowl4","Seine",2021-08-26,"common_carp",2,"Lower","Fowler Creek",2021,8,26,369
"62","Fowl4","Seine",2021-08-26,"common_shiner",15,"Lower","Fowler Creek",2021,8,26,369
"63","Fowl4","Seine",2021-08-26,"creek_chub",21,"Lower","Fowler Creek",2021,8,26,369
"64","Fowl4","Seine",2021-08-26,"green_sunfish",11,"Lower","Fowler Creek",2021,8,26,369
"65","Fowl4","Seine",2021-08-26,"johnny_darter",16,"Lower","Fowler Creek",2021,8,26,369
"66","Fowl4","Seine",2021-08-26,"pumpkinseed",4,"Lower","Fowler Creek",2021,8,26,369
"67","Fowl4","Seine",2021-08-26,"white_sucker",11,"Lower","Fowler Creek",2021,8,26,369
"68","Fowl4","Seine",2021-08-26,"yellow_bullhead",1,"Lower","Fowler Creek",2021,8,26,369
"69","Fowl4","Seine",2021-08-26,"yellow_perch",1,"Lower","Fowler Creek",2021,8,26,369
"70","Fowl5","Seine",2021-07-08,"bluegill",8,"Lower","Fowler Creek",2021,7,8,418
"71","Fowl5","Seine",2021-07-08,"brook_stickleback",1,"Lower","Fowler Creek",2021,7,8,418
"72","Fowl5","Seine",2021-07-08,"central_mudminnow",1,"Lower","Fowler Creek",2021,7,8,418
"73","Fowl5","Seine",2021-07-08,"common_carp",1,"Lower","Fowler Creek",2021,7,8,418
"74","Fowl5","Seine",2021-07-08,"common_shiner",2,"Lower","Fowler Creek",2021,7,8,418
"75","Fowl5","Seine",2021-07-08,"creek_chub",10,"Lower","Fowler Creek",2021,7,8,418
"76","Fowl5","Seine",2021-07-08,"fathead_minnow",193,"Lower","Fowler Creek",2021,7,8,418
"77","Fowl5","Seine",2021-07-08,"green_sunfish",44,"Lower","Fowler Creek",2021,7,8,418
"78","Fowl5","Seine",2021-07-08,"johnny_darter",78,"Lower","Fowler Creek",2021,7,8,418
"79","Fowl5","Seine",2021-07-08,"largemouth_bass",6,"Lower","Fowler Creek",2021,7,8,418
"80","Fowl5","Seine",2021-07-08,"pumpkinseed",2,"Lower","Fowler Creek",2021,7,8,418
"81","Fowl5","Seine",2021-07-08,"round_goby",14,"Lower","Fowler Creek",2021,7,8,418
"82","Fowl5","Seine",2021-07-08,"white_sucker",2,"Lower","Fowler Creek",2021,7,8,418
"83","Frank1","Seine",2015-09-18,"blacknose_dace",285,"Main","Franklin Creek",2015,9,18,2538
"84","Frank1","Seine",2015-09-18,"common_shiner",1,"Main","Franklin Creek",2015,9,18,2538
"85","Frank1","Seine",2015-09-18,"creek_chub",2,"Main","Franklin Creek",2015,9,18,2538
"86","Frank1","Seine",2015-09-18,"mottled_sculpin",14,"Main","Franklin Creek",2015,9,18,2538
"87","Frank1","Seine",2015-09-18,"white_sucker",2,"Main","Franklin Creek",2015,9,18,2538
"88","John1","Seine",2012-05-24,"blacknose_dace",3,"Middle","Johnson Creek",2012,5,24,3750
"89","John1","Seine",2012-05-24,"bluegill",21,"Middle","Johnson Creek",2012,5,24,3750
"90","John1","Seine",2012-05-24,"bluntnose_minnow",19,"Middle","Johnson Creek",2012,5,24,3750
"91","John1","Seine",2012-05-24,"brown_bullhead",1,"Middle","Johnson Creek",2012,5,24,3750
"92","John1","Seine",2012-05-24,"central_mudminnow",5,"Middle","Johnson Creek",2012,5,24,3750
"93","John1","Seine",2012-05-24,"central_stoneroller",16,"Middle","Johnson Creek",2012,5,24,3750
"94","John1","Seine",2012-05-24,"creek_chub",47,"Middle","Johnson Creek",2012,5,24,3750
"95","John1","Seine",2012-05-24,"fathead_minnow",91,"Middle","Johnson Creek",2012,5,24,3750
"96","John1","Seine",2012-05-24,"green_sunfish",1,"Middle","Johnson Creek",2012,5,24,3750
"97","John1","Seine",2012-05-24,"johnny_darter",23,"Middle","Johnson Creek",2012,5,24,3750
"98","John1","Seine",2012-05-24,"mottled_sculpin",9,"Middle","Johnson Creek",2012,5,24,3750
"99","John1","Seine",2012-05-24,"northern_redbelly_dace",81,"Middle","Johnson Creek",2012,5,24,3750
"100","John1","Seine",2012-05-24,"pumpkinseed",6,"Middle","Johnson Creek",2012,5,24,3750
"101","John1","Seine",2012-05-24,"rainbow_darter",90,"Middle","Johnson Creek",2012,5,24,3750
"102","John1","Seine",2012-05-24,"sunfish_hybrid",2,"Middle","Johnson Creek",2012,5,24,3750
"103","John1","Seine",2012-05-24,"white_sucker",3,"Middle","Johnson Creek",2012,5,24,3750
"104","John6","Seine",2021-05-21,"blacknose_dace",4,"Middle","Johnson Creek",2021,5,21,466
"105","John6","Seine",2021-05-21,"brown_trout",6,"Middle","Johnson Creek",2021,5,21,466
"106","John6","Seine",2021-05-21,"mottled_sculpin",9,"Middle","Johnson Creek",2021,5,21,466
"107","John6","Seine",2021-05-21,"rainbow_darter",10,"Middle","Johnson Creek",2021,5,21,466
"108","LR-10","Seine",2021-09-03,"bluegill",1,"Lower","Lower Rouge",2021,9,3,361
"109","LR-10","Seine",2021-09-03,"common_shiner",6,"Lower","Lower Rouge",2021,9,3,361
"110","LR-10","Seine",2021-09-03,"creek_chub",10,"Lower","Lower Rouge",2021,9,3,361
"111","LR-10","Seine",2021-09-03,"fathead_minnow",4,"Lower","Lower Rouge",2021,9,3,361
"112","LR-10","Seine",2021-09-03,"green_sunfish",1,"Lower","Lower Rouge",2021,9,3,361
"113","LR-10","Seine",2021-09-03,"johnny_darter",1,"Lower","Lower Rouge",2021,9,3,361
"114","LR-10","Seine",2021-09-03,"northern_logperch",4,"Lower","Lower Rouge",2021,9,3,361
"115","LR-10","Seine",2021-09-03,"round_goby",29,"Lower","Lower Rouge",2021,9,3,361
"116","LR-10","Seine",2021-09-03,"white_sucker",1,"Lower","Lower Rouge",2021,9,3,361
"117","LR-11A","Seine",2021-09-03,"blackside_darter",1,"Lower","Lower Rouge",2021,9,3,361
"118","LR-11A","Seine",2021-09-03,"bluegill",2,"Lower","Lower Rouge",2021,9,3,361
"119","LR-11A","Seine",2021-09-03,"bluntnose_minnow",3,"Lower","Lower Rouge",2021,9,3,361
"120","LR-11A","Seine",2021-09-03,"brook_silverside",49,"Lower","Lower Rouge",2021,9,3,361
"121","LR-11A","Seine",2021-09-03,"common_shiner",3,"Lower","Lower Rouge",2021,9,3,361
"122","LR-11A","Seine",2021-09-03,"creek_chub",2,"Lower","Lower Rouge",2021,9,3,361
"123","LR-11A","Seine",2021-09-03,"emerald_shiner",9,"Lower","Lower Rouge",2021,9,3,361
"124","LR-11A","Seine",2021-09-03,"fathead_minnow",1,"Lower","Lower Rouge",2021,9,3,361
"125","LR-11A","Seine",2021-09-03,"mimic_shiner",5,"Lower","Lower Rouge",2021,9,3,361
"126","LR-11A","Seine",2021-09-03,"rock_bass",1,"Lower","Lower Rouge",2021,9,3,361
"127","LR-11A","Seine",2021-09-03,"round_goby",28,"Lower","Lower Rouge",2021,9,3,361
"128","LR-11A","Seine",2021-09-03,"spotfin_shiner",2,"Lower","Lower Rouge",2021,9,3,361
"129","LR-12","Seine",2021-09-02,"blacknose_dace",1,"Lower","Lower Rouge",2021,9,2,362
"130","LR-12","Seine",2021-09-02,"blackside_darter",1,"Lower","Lower Rouge",2021,9,2,362
"131","LR-12","Seine",2021-09-02,"bluegill",8,"Lower","Lower Rouge",2021,9,2,362
"132","LR-12","Seine",2021-09-02,"common_shiner",2,"Lower","Lower Rouge",2021,9,2,362
"133","LR-12","Seine",2021-09-02,"creek_chub",7,"Lower","Lower Rouge",2021,9,2,362
"134","LR-12","Seine",2021-09-02,"fathead_minnow",15,"Lower","Lower Rouge",2021,9,2,362
"135","LR-12","Seine",2021-09-02,"green_sunfish",1,"Lower","Lower Rouge",2021,9,2,362
"136","LR-12","Seine",2021-09-02,"johnny_darter",7,"Lower","Lower Rouge",2021,9,2,362
"137","LR-12","Seine",2021-09-02,"northern_hog_sucker",2,"Lower","Lower Rouge",2021,9,2,362
"138","LR-12","Seine",2021-09-02,"northern_logperch",2,"Lower","Lower Rouge",2021,9,2,362
"139","LR-12","Seine",2021-09-02,"pumpkinseed",2,"Lower","Lower Rouge",2021,9,2,362
"140","LR-12","Seine",2021-09-02,"round_goby",34,"Lower","Lower Rouge",2021,9,2,362
"141","LR-2","Seine",2021-08-27,"bluegill",11,"Lower","Lower Rouge",2021,8,27,368
"142","LR-2","Seine",2021-08-27,"central_mudminnow",1,"Lower","Lower Rouge",2021,8,27,368
"143","LR-2","Seine",2021-08-27,"common_shiner",1,"Lower","Lower Rouge",2021,8,27,368
"144","LR-2","Seine",2021-08-27,"creek_chub",3,"Lower","Lower Rouge",2021,8,27,368
"145","LR-2","Seine",2021-08-27,"johnny_darter",21,"Lower","Lower Rouge",2021,8,27,368
"146","LR-2","Seine",2021-08-27,"largemouth_bass",1,"Lower","Lower Rouge",2021,8,27,368
"147","LR-2","Seine",2021-08-27,"northern_logperch",22,"Lower","Lower Rouge",2021,8,27,368
"148","LR-2","Seine",2021-08-27,"pumpkinseed",2,"Lower","Lower Rouge",2021,8,27,368
"149","LR-2","Seine",2021-08-27,"round_goby",106,"Lower","Lower Rouge",2021,8,27,368
"150","LR-2","Seine",2021-08-27,"striped_shiner",1,"Lower","Lower Rouge",2021,8,27,368
"151","LR-2","Seine",2021-08-27,"yellow_perch",2,"Lower","Lower Rouge",2021,8,27,368
"152","LR-5","Seine",2016-08-25,"bluegill",11,"Lower","Fellows Creek",2016,8,25,2196
"153","LR-5","Seine",2016-08-25,"common_carp",4,"Lower","Fellows Creek",2016,8,25,2196
"154","LR-5","Seine",2016-08-25,"common_shiner",1,"Lower","Fellows Creek",2016,8,25,2196
"155","LR-5","Seine",2016-08-25,"creek_chub",11,"Lower","Fellows Creek",2016,8,25,2196
"156","LR-5","Seine",2016-08-25,"fathead_minnow",26,"Lower","Fellows Creek",2016,8,25,2196
"157","LR-5","Seine",2016-08-25,"golden_shiner",1,"Lower","Fellows Creek",2016,8,25,2196
"158","LR-5","Seine",2016-08-25,"green_sunfish",46,"Lower","Fellows Creek",2016,8,25,2196
"159","LR-5","Seine",2016-08-25,"johnny_darter",44,"Lower","Fellows Creek",2016,8,25,2196
"160","LR-5","Seine",2016-08-25,"pumpkinseed",3,"Lower","Fellows Creek",2016,8,25,2196
"161","LR-5","Seine",2016-08-25,"white_sucker",29,"Lower","Fellows Creek",2016,8,25,2196
"162","LR-6","Seine",2014-08-01,"blackside_darter",1,"Lower","Lower Rouge",2014,8,1,2951
"163","LR-6","Seine",2014-08-01,"bluegill",1,"Lower","Lower Rouge",2014,8,1,2951
"164","LR-6","Seine",2014-08-01,"common_shiner",8,"Lower","Lower Rouge",2014,8,1,2951
"165","LR-6","Seine",2014-08-01,"creek_chub",5,"Lower","Lower Rouge",2014,8,1,2951
"166","LR-6","Seine",2014-08-01,"fathead_minnow",2,"Lower","Lower Rouge",2014,8,1,2951
"167","LR-6","Seine",2014-08-01,"green_sunfish",2,"Lower","Lower Rouge",2014,8,1,2951
"168","LR-6","Seine",2014-08-01,"johnny_darter",17,"Lower","Lower Rouge",2014,8,1,2951
"169","LR-6","Seine",2014-08-01,"largemouth_bass",3,"Lower","Lower Rouge",2014,8,1,2951
"170","LR-6","Seine",2014-08-01,"round_goby",18,"Lower","Lower Rouge",2014,8,1,2951
"171","LR-6","Seine",2014-08-01,"white_sucker",5,"Lower","Lower Rouge",2014,8,1,2951
"172","Low2","Seine",2014-08-23,"blacknose_dace",1,"Lower","Lower Rouge",2014,8,23,2929
"173","Low2","Seine",2014-08-23,"bluegill",3,"Lower","Lower Rouge",2014,8,23,2929
"174","Low2","Seine",2014-08-23,"central_mudminnow",5,"Lower","Lower Rouge",2014,8,23,2929
"175","Low2","Seine",2014-08-23,"central_stoneroller",96,"Lower","Lower Rouge",2014,8,23,2929
"176","Low2","Seine",2014-08-23,"common_shiner",46,"Lower","Lower Rouge",2014,8,23,2929
"177","Low2","Seine",2014-08-23,"creek_chub",177,"Lower","Lower Rouge",2014,8,23,2929
"178","Low2","Seine",2014-08-23,"fathead_minnow",4,"Lower","Lower Rouge",2014,8,23,2929
"179","Low2","Seine",2014-08-23,"green_sunfish",38,"Lower","Lower Rouge",2014,8,23,2929
"180","Low2","Seine",2014-08-23,"johnny_darter",8,"Lower","Lower Rouge",2014,8,23,2929
"181","Low2","Seine",2014-08-23,"largemouth_bass",6,"Lower","Lower Rouge",2014,8,23,2929
"182","Low2","Seine",2014-08-23,"pumpkinseed",6,"Lower","Lower Rouge",2014,8,23,2929
"183","Low2","Seine",2014-08-23,"sunfish_hybrid",1,"Lower","Lower Rouge",2014,8,23,2929
"184","Low2","Seine",2014-08-23,"white_sucker",44,"Lower","Lower Rouge",2014,8,23,2929
"185","MN-2","Seine",2020-07-31,"fathead_minnow",147,"Main","Main Rouge",2020,7,31,760
"186","MN-2","Seine",2020-07-31,"green_sunfish",1,"Main","Main Rouge",2020,7,31,760
"187","MN-2","Seine",2020-07-31,"johnny_darter",11,"Main","Main Rouge",2020,7,31,760
"188","MN-2","Seine",2020-07-31,"pumpkinseed",1,"Main","Main Rouge",2020,7,31,760
"189","MN-2","Seine",2020-07-31,"white_sucker",2,"Main","Main Rouge",2020,7,31,760
"190","MN-5","Seine",2017-09-14,"black_crappie",2,"Main","Main Rouge",2017,9,14,1811
"191","MN-5","Seine",2017-09-14,"blackside_darter",2,"Main","Main Rouge",2017,9,14,1811
"192","MN-5","Seine",2017-09-14,"bluegill",4,"Main","Main Rouge",2017,9,14,1811
"193","MN-5","Seine",2017-09-14,"bluntnose_minnow",12,"Main","Main Rouge",2017,9,14,1811
"194","MN-5","Seine",2017-09-14,"central_stoneroller",12,"Main","Main Rouge",2017,9,14,1811
"195","MN-5","Seine",2017-09-14,"common_shiner",1,"Main","Main Rouge",2017,9,14,1811
"196","MN-5","Seine",2017-09-14,"creek_chub",9,"Main","Main Rouge",2017,9,14,1811
"197","MN-5","Seine",2017-09-14,"fathead_minnow",13,"Main","Main Rouge",2017,9,14,1811
"198","MN-5","Seine",2017-09-14,"johnny_darter",70,"Main","Main Rouge",2017,9,14,1811
"199","MN-5","Seine",2017-09-14,"largemouth_bass",1,"Main","Main Rouge",2017,9,14,1811
"200","MN-5","Seine",2017-09-14,"rock_bass",2,"Main","Main Rouge",2017,9,14,1811
"201","MN-5","Seine",2017-09-14,"spotfin_shiner",1,"Main","Main Rouge",2017,9,14,1811
"202","MN-5","Seine",2017-09-14,"white_sucker",28,"Main","Main Rouge",2017,9,14,1811
"203","MN-7A","Seine",2021-08-20,"bluegill",4,"Main","Main Rouge",2021,8,20,375
"204","MN-7A","Seine",2021-08-20,"creek_chub",2,"Main","Main Rouge",2021,8,20,375
"205","MN-7A","Seine",2021-08-20,"fathead_minnow",70,"Main","Main Rouge",2021,8,20,375
"206","MN-7A","Seine",2021-08-20,"green_sunfish",1,"Main","Main Rouge",2021,8,20,375
"207","MN-7A","Seine",2021-08-20,"johnny_darter",1,"Main","Main Rouge",2021,8,20,375
"208","MN-7A","Seine",2021-08-20,"pumpkinseed",1,"Main","Main Rouge",2021,8,20,375
"209","MN-7A","Seine",2021-08-20,"round_goby",50,"Main","Main Rouge",2021,8,20,375
"210","MN-7A","Seine",2021-08-20,"white_sucker",1,"Main","Main Rouge",2021,8,20,375
"211","MR-11","Seine",2016-06-17,"bluegill",4,"Middle","Middle Rouge",2016,6,17,2265
"212","MR-11","Seine",2016-06-17,"bluntnose_minnow",2,"Middle","Middle Rouge",2016,6,17,2265
"213","MR-11","Seine",2016-06-17,"common_shiner",2,"Middle","Middle Rouge",2016,6,17,2265
"214","MR-11","Seine",2016-06-17,"johnny_darter",43,"Middle","Middle Rouge",2016,6,17,2265
"215","MR-11","Seine",2016-06-17,"northern_pike",1,"Middle","Middle Rouge",2016,6,17,2265
"216","MR-11","Seine",2016-06-17,"rock_bass",1,"Middle","Middle Rouge",2016,6,17,2265
"217","MR-11","Seine",2016-06-17,"round_goby",78,"Middle","Middle Rouge",2016,6,17,2265
"218","MR-11","Seine",2016-06-17,"white_sucker",22,"Middle","Middle Rouge",2016,6,17,2265
"219","MR-15","Seine",2016-06-24,"bluntnose_minnow",28,"Middle","Middle Rouge",2016,6,24,2258
"220","MR-15","Seine",2016-06-24,"common_shiner",1,"Middle","Middle Rouge",2016,6,24,2258
"221","MR-15","Seine",2016-06-24,"johnny_darter",32,"Middle","Middle Rouge",2016,6,24,2258
"222","MR-15","Seine",2016-06-24,"round_goby",4,"Middle","Middle Rouge",2016,6,24,2258
"223","MR-15","Seine",2016-06-24,"spotfin_shiner",4,"Middle","Middle Rouge",2016,6,24,2258
"224","MR-15","Seine",2016-06-24,"white_sucker",12,"Middle","Middle Rouge",2016,6,24,2258
"225","MR-18","Seine",2021-05-22,"brown_bullhead",1,"Middle","Middle Rouge",2021,5,22,465
"226","MR-18","Seine",2021-05-22,"rainbow_darter",2,"Middle","Middle Rouge",2021,5,22,465
"227","MR-18","Seine",2021-05-22,"rock_bass",3,"Middle","Middle Rouge",2021,5,22,465
"228","MR-18","Seine",2021-05-22,"smallmouth_bass",5,"Middle","Middle Rouge",2021,5,22,465
"229","MR-18","Seine",2021-05-22,"yellow_bullhead",1,"Middle","Middle Rouge",2021,5,22,465
"230","MR-4","Seine",2021-05-22,"bluegill",1,"Middle","Middle Rouge",2021,5,22,465
"231","MR-4","Seine",2021-05-22,"rock_bass",4,"Middle","Middle Rouge",2021,5,22,465
"232","MR-4","Seine",2021-05-22,"round_goby",3,"Middle","Middle Rouge",2021,5,22,465
"233","MR-4","Seine",2021-05-22,"smallmouth_bass",3,"Middle","Middle Rouge",2021,5,22,465
"234","MR-4","Seine",2021-05-22,"spotfin_shiner",8,"Middle","Middle Rouge",2021,5,22,465
"235","MR-4","Seine",2021-05-22,"white_sucker",2,"Middle","Middle Rouge",2021,5,22,465
"236","MR-9","Seine",2016-06-17,"bluntnose_minnow",6,"Middle","Middle Rouge",2016,6,17,2265
"237","MR-9","Seine",2016-06-17,"common_carp",2,"Middle","Middle Rouge",2016,6,17,2265
"238","MR-9","Seine",2016-06-17,"common_shiner",3,"Middle","Middle Rouge",2016,6,17,2265
"239","MR-9","Seine",2016-06-17,"creek_chub",5,"Middle","Middle Rouge",2016,6,17,2265
"240","MR-9","Seine",2016-06-17,"fathead_minnow",14,"Middle","Middle Rouge",2016,6,17,2265
"241","MR-9","Seine",2016-06-17,"golden_shiner",1,"Middle","Middle Rouge",2016,6,17,2265
"242","MR-9","Seine",2016-06-17,"johnny_darter",1,"Middle","Middle Rouge",2016,6,17,2265
"243","MR-9","Seine",2016-06-17,"round_goby",5,"Middle","Middle Rouge",2016,6,17,2265
"244","MR-9","Seine",2016-06-17,"white_sucker",9,"Middle","Middle Rouge",2016,6,17,2265
"245","Main10","Seine",2014-09-26,"black_crappie",1,"Main","Main Rouge",2014,9,26,2895
"246","Main10","Seine",2014-09-26,"blackside_darter",1,"Main","Main Rouge",2014,9,26,2895
"247","Main10","Seine",2014-09-26,"bluegill",2,"Main","Main Rouge",2014,9,26,2895
"248","Main10","Seine",2014-09-26,"bluntnose_minnow",17,"Main","Main Rouge",2014,9,26,2895
"249","Main10","Seine",2014-09-26,"brook_silverside",79,"Main","Main Rouge",2014,9,26,2895
"250","Main10","Seine",2014-09-26,"emerald_shiner",34,"Main","Main Rouge",2014,9,26,2895
"251","Main10","Seine",2014-09-26,"fathead_minnow",3,"Main","Main Rouge",2014,9,26,2895
"252","Main10","Seine",2014-09-26,"golden_shiner",1,"Main","Main Rouge",2014,9,26,2895
"253","Main10","Seine",2014-09-26,"rock_bass",6,"Main","Main Rouge",2014,9,26,2895
"254","Main10","Seine",2014-09-26,"round_goby",422,"Main","Main Rouge",2014,9,26,2895
"255","Main10","Seine",2014-09-26,"smallmouth_bass",3,"Main","Main Rouge",2014,9,26,2895
"256","Main10","Seine",2014-09-26,"yellow_perch",1,"Main","Main Rouge",2014,9,26,2895
"257","Main11","Seine",2016-09-28,"bluegill",49,"Main","Quarton Branch",2016,9,28,2162
"258","Main11","Seine",2016-09-28,"bluntnose_minnow",28,"Main","Quarton Branch",2016,9,28,2162
"259","Main11","Seine",2016-09-28,"common_shiner",3,"Main","Quarton Branch",2016,9,28,2162
"260","Main11","Seine",2016-09-28,"creek_chub",4,"Main","Quarton Branch",2016,9,28,2162
"261","Main11","Seine",2016-09-28,"fathead_minnow",5,"Main","Quarton Branch",2016,9,28,2162
"262","Main11","Seine",2016-09-28,"largemouth_bass",10,"Main","Quarton Branch",2016,9,28,2162
"263","Main11","Seine",2016-09-28,"pumpkinseed",9,"Main","Quarton Branch",2016,9,28,2162
"264","Main11","Seine",2016-09-28,"rock_bass",12,"Main","Quarton Branch",2016,9,28,2162
"265","Main11","Seine",2016-09-28,"white_sucker",4,"Main","Quarton Branch",2016,9,28,2162
"266","Main12","Seine",2020-08-07,"bluegill",288,"Main","Main Rouge",2020,8,7,753
"267","Main12","Seine",2020-08-07,"bluntnose_minnow",96,"Main","Main Rouge",2020,8,7,753
"268","Main12","Seine",2020-08-07,"brook_silverside",31,"Main","Main Rouge",2020,8,7,753
"269","Main12","Seine",2020-08-07,"brown_bullhead",1,"Main","Main Rouge",2020,8,7,753
"270","Main12","Seine",2020-08-07,"common_carp",5,"Main","Main Rouge",2020,8,7,753
"271","Main12","Seine",2020-08-07,"fathead_minnow",5,"Main","Main Rouge",2020,8,7,753
"272","Main12","Seine",2020-08-07,"gizzard_shad",84,"Main","Main Rouge",2020,8,7,753
"273","Main12","Seine",2020-08-07,"golden_redhorse",2,"Main","Main Rouge",2020,8,7,753
"274","Main12","Seine",2020-08-07,"golden_shiner",29,"Main","Main Rouge",2020,8,7,753
"275","Main12","Seine",2020-08-07,"johnny_darter",3,"Main","Main Rouge",2020,8,7,753
"276","Main12","Seine",2020-08-07,"largemouth_bass",12,"Main","Main Rouge",2020,8,7,753
"277","Main12","Seine",2020-08-07,"northern_pike",1,"Main","Main Rouge",2020,8,7,753
"278","Main12","Seine",2020-08-07,"pumpkinseed",2,"Main","Main Rouge",2020,8,7,753
"279","Main12","Seine",2020-08-07,"rock_bass",1,"Main","Main Rouge",2020,8,7,753
"280","Main12","Seine",2020-08-07,"round_goby",50,"Main","Main Rouge",2020,8,7,753
"281","Main12","Seine",2020-08-07,"spotfin_shiner",1,"Main","Main Rouge",2020,8,7,753
"282","Main12","Seine",2020-08-07,"white_sucker",1,"Main","Main Rouge",2020,8,7,753
"283","Main12","Seine",2020-08-07,"yellow_perch",17,"Main","Main Rouge",2020,8,7,753
"284","Main12N","Seine",2020-08-07,"blackside_darter",4,"Main","Main Rouge",2020,8,7,753
"285","Main12N","Seine",2020-08-07,"bluegill",152,"Main","Main Rouge",2020,8,7,753
"286","Main12N","Seine",2020-08-07,"bluntnose_minnow",15,"Main","Main Rouge",2020,8,7,753
"287","Main12N","Seine",2020-08-07,"brook_silverside",4,"Main","Main Rouge",2020,8,7,753
"288","Main12N","Seine",2020-08-07,"common_shiner",2,"Main","Main Rouge",2020,8,7,753
"289","Main12N","Seine",2020-08-07,"emerald_shiner",39,"Main","Main Rouge",2020,8,7,753
"290","Main12N","Seine",2020-08-07,"fathead_minnow",31,"Main","Main Rouge",2020,8,7,753
"291","Main12N","Seine",2020-08-07,"gizzard_shad",1,"Main","Main Rouge",2020,8,7,753
"292","Main12N","Seine",2020-08-07,"golden_shiner",2,"Main","Main Rouge",2020,8,7,753
"293","Main12N","Seine",2020-08-07,"green_sunfish",3,"Main","Main Rouge",2020,8,7,753
"294","Main12N","Seine",2020-08-07,"johnny_darter",1,"Main","Main Rouge",2020,8,7,753
"295","Main12N","Seine",2020-08-07,"largemouth_bass",20,"Main","Main Rouge",2020,8,7,753
"296","Main12N","Seine",2020-08-07,"northern_logperch",1,"Main","Main Rouge",2020,8,7,753
"297","Main12N","Seine",2020-08-07,"pumpkinseed",2,"Main","Main Rouge",2020,8,7,753
"298","Main12N","Seine",2020-08-07,"round_goby",110,"Main","Main Rouge",2020,8,7,753
"299","Main12N","Seine",2020-08-07,"spotfin_shiner",1,"Main","Main Rouge",2020,8,7,753
"300","Main12N","Seine",2020-08-07,"yellow_bullhead",3,"Main","Main Rouge",2020,8,7,753
"301","Main12N","Seine",2020-08-07,"yellow_perch",5,"Main","Main Rouge",2020,8,7,753
"302","Main13","Seine",2018-06-01,"bluegill",17,"Main","Main Rouge",2018,6,1,1551
"303","Main13","Seine",2018-06-01,"bluntnose_minnow",13,"Main","Main Rouge",2018,6,1,1551
"304","Main13","Seine",2018-06-01,"central_stoneroller",7,"Main","Main Rouge",2018,6,1,1551
"305","Main13","Seine",2018-06-01,"common_shiner",220,"Main","Main Rouge",2018,6,1,1551
"306","Main13","Seine",2018-06-01,"fathead_minnow",7,"Main","Main Rouge",2018,6,1,1551
"307","Main13","Seine",2018-06-01,"hornyhead_chub",67,"Main","Main Rouge",2018,6,1,1551
"308","Main13","Seine",2018-06-01,"johnny_darter",3,"Main","Main Rouge",2018,6,1,1551
"309","Main13","Seine",2018-06-01,"largemouth_bass",3,"Main","Main Rouge",2018,6,1,1551
"310","Main13","Seine",2018-06-01,"pumpkinseed",8,"Main","Main Rouge",2018,6,1,1551
"311","Main13","Seine",2018-06-01,"rock_bass",8,"Main","Main Rouge",2018,6,1,1551
"312","Main13","Seine",2018-06-01,"sunfish_hybrid",3,"Main","Main Rouge",2018,6,1,1551
"313","Main13","Seine",2018-06-01,"white_sucker",10,"Main","Main Rouge",2018,6,1,1551
"314","Main18","Seine",2018-06-01,"bluegill",2,"Main","Main Rouge",2018,6,1,1551
"315","Main18","Seine",2018-06-01,"bluntnose_minnow",87,"Main","Main Rouge",2018,6,1,1551
"316","Main18","Seine",2018-06-01,"central_stoneroller",3,"Main","Main Rouge",2018,6,1,1551
"317","Main18","Seine",2018-06-01,"common_shiner",43,"Main","Main Rouge",2018,6,1,1551
"318","Main18","Seine",2018-06-01,"creek_chub",5,"Main","Main Rouge",2018,6,1,1551
"319","Main18","Seine",2018-06-01,"johnny_darter",22,"Main","Main Rouge",2018,6,1,1551
"320","Main18","Seine",2018-06-01,"pumpkinseed",1,"Main","Main Rouge",2018,6,1,1551
"321","Main18","Seine",2018-06-01,"rock_bass",1,"Main","Main Rouge",2018,6,1,1551
"322","Main18","Seine",2018-06-01,"stonecat",1,"Main","Main Rouge",2018,6,1,1551
"323","Main18","Seine",2018-06-01,"white_sucker",1,"Main","Main Rouge",2018,6,1,1551
"324","Main19","Seine",2018-06-22,"blackchin_shiner",2,"Main","Main Rouge",2018,6,22,1530
"325","Main19","Seine",2018-06-22,"blacknose_dace",4,"Main","Main Rouge",2018,6,22,1530
"326","Main19","Seine",2018-06-22,"blackside_darter",3,"Main","Main Rouge",2018,6,22,1530
"327","Main19","Seine",2018-06-22,"bluegill",2,"Main","Main Rouge",2018,6,22,1530
"328","Main19","Seine",2018-06-22,"bluntnose_minnow",3,"Main","Main Rouge",2018,6,22,1530
"329","Main19","Seine",2018-06-22,"common_shiner",29,"Main","Main Rouge",2018,6,22,1530
"330","Main19","Seine",2018-06-22,"creek_chub",11,"Main","Main Rouge",2018,6,22,1530
"331","Main19","Seine",2018-06-22,"fathead_minnow",4,"Main","Main Rouge",2018,6,22,1530
"332","Main19","Seine",2018-06-22,"johnny_darter",54,"Main","Main Rouge",2018,6,22,1530
"333","Main19","Seine",2018-06-22,"largemouth_bass",2,"Main","Main Rouge",2018,6,22,1530
"334","Main19","Seine",2018-06-22,"pumpkinseed",1,"Main","Main Rouge",2018,6,22,1530
"335","Main19","Seine",2018-06-22,"rock_bass",1,"Main","Main Rouge",2018,6,22,1530
"336","Main19","Seine",2018-06-22,"white_sucker",9,"Main","Main Rouge",2018,6,22,1530
"337","Main3","Seine",2016-09-28,"bluegill",1,"Main","Main Rouge",2016,9,28,2162
"338","Main3","Seine",2016-09-28,"bluntnose_minnow",6,"Main","Main Rouge",2016,9,28,2162
"339","Main3","Seine",2016-09-28,"central_stoneroller",24,"Main","Main Rouge",2016,9,28,2162
"340","Main3","Seine",2016-09-28,"common_shiner",76,"Main","Main Rouge",2016,9,28,2162
"341","Main3","Seine",2016-09-28,"creek_chub",43,"Main","Main Rouge",2016,9,28,2162
"342","Main3","Seine",2016-09-28,"fathead_minnow",2,"Main","Main Rouge",2016,9,28,2162
"343","Main3","Seine",2016-09-28,"johnny_darter",49,"Main","Main Rouge",2016,9,28,2162
"344","Main3","Seine",2016-09-28,"largemouth_bass",9,"Main","Main Rouge",2016,9,28,2162
"345","Main3","Seine",2016-09-28,"stonecat",2,"Main","Main Rouge",2016,9,28,2162
"346","Main3","Seine",2016-09-28,"white_sucker",6,"Main","Main Rouge",2016,9,28,2162
"347","Main5","Seine",2018-09-28,"black_crappie",1,"Main","Main Rouge",2018,9,28,1432
"348","Main5","Seine",2018-09-28,"blacknose_dace",3,"Main","Main Rouge",2018,9,28,1432
"349","Main5","Seine",2018-09-28,"bluegill",12,"Main","Main Rouge",2018,9,28,1432
"350","Main5","Seine",2018-09-28,"bluntnose_minnow",25,"Main","Main Rouge",2018,9,28,1432
"351","Main5","Seine",2018-09-28,"central_stoneroller",3,"Main","Main Rouge",2018,9,28,1432
"352","Main5","Seine",2018-09-28,"common_shiner",18,"Main","Main Rouge",2018,9,28,1432
"353","Main5","Seine",2018-09-28,"creek_chub",8,"Main","Main Rouge",2018,9,28,1432
"354","Main5","Seine",2018-09-28,"fathead_minnow",1,"Main","Main Rouge",2018,9,28,1432
"355","Main5","Seine",2018-09-28,"johnny_darter",17,"Main","Main Rouge",2018,9,28,1432
"356","Main5","Seine",2018-09-28,"pumpkinseed",3,"Main","Main Rouge",2018,9,28,1432
"357","Main5","Seine",2018-09-28,"rock_bass",1,"Main","Main Rouge",2018,9,28,1432
"358","Main5","Seine",2018-09-28,"stonecat",1,"Main","Main Rouge",2018,9,28,1432
"359","Main5","Seine",2018-09-28,"white_sucker",4,"Main","Main Rouge",2018,9,28,1432
"360","Main6","Seine",2015-09-18,"blacknose_dace",42,"Main","Main Rouge",2015,9,18,2538
"361","Main6","Seine",2015-09-18,"blackside_darter",4,"Main","Main Rouge",2015,9,18,2538
"362","Main6","Seine",2015-09-18,"bluegill",2,"Main","Main Rouge",2015,9,18,2538
"363","Main6","Seine",2015-09-18,"central_stoneroller",33,"Main","Main Rouge",2015,9,18,2538
"364","Main6","Seine",2015-09-18,"common_shiner",23,"Main","Main Rouge",2015,9,18,2538
"365","Main6","Seine",2015-09-18,"creek_chub",50,"Main","Main Rouge",2015,9,18,2538
"366","Main6","Seine",2015-09-18,"fathead_minnow",8,"Main","Main Rouge",2015,9,18,2538
"367","Main6","Seine",2015-09-18,"johnny_darter",30,"Main","Main Rouge",2015,9,18,2538
"368","Main6","Seine",2015-09-18,"pumpkinseed",4,"Main","Main Rouge",2015,9,18,2538
"369","Main6","Seine",2015-09-18,"stonecat",3,"Main","Main Rouge",2015,9,18,2538
"370","Main6","Seine",2015-09-18,"white_sucker",32,"Main","Main Rouge",2015,9,18,2538
"371","Min2","Seine",2012-05-17,"blacknose_dace",15,"Upper","Minnow Pond",2012,5,17,3757
"372","Min2","Seine",2012-05-17,"bluegill",2,"Upper","Minnow Pond",2012,5,17,3757
"373","Min2","Seine",2012-05-17,"bluntnose_minnow",3,"Upper","Minnow Pond",2012,5,17,3757
"374","Min2","Seine",2012-05-17,"central_stoneroller",4,"Upper","Minnow Pond",2012,5,17,3757
"375","Min2","Seine",2012-05-17,"common_shiner",150,"Upper","Minnow Pond",2012,5,17,3757
"376","Min2","Seine",2012-05-17,"creek_chub",49,"Upper","Minnow Pond",2012,5,17,3757
"377","Min2","Seine",2012-05-17,"fathead_minnow",11,"Upper","Minnow Pond",2012,5,17,3757
"378","Min2","Seine",2012-05-17,"johnny_darter",45,"Upper","Minnow Pond",2012,5,17,3757
"379","Min2","Seine",2012-05-17,"mottled_sculpin",2,"Upper","Minnow Pond",2012,5,17,3757
"380","Min2","Seine",2012-05-17,"pumpkinseed",1,"Upper","Minnow Pond",2012,5,17,3757
"381","Min2","Seine",2012-05-17,"rainbow_darter",1,"Upper","Minnow Pond",2012,5,17,3757
"382","Min2","Seine",2012-05-17,"redside_dace",3,"Upper","Minnow Pond",2012,5,17,3757
"383","Min2","Seine",2012-05-17,"white_sucker",9,"Upper","Minnow Pond",2012,5,17,3757
"384","Peb2","Seine",2017-04-26,"blacknose_dace",213,"Main","Pebble Creek",2017,4,26,1952
"385","Peb2","Seine",2017-04-26,"central_stoneroller",8,"Main","Pebble Creek",2017,4,26,1952
"386","Peb2","Seine",2017-04-26,"common_shiner",16,"Main","Pebble Creek",2017,4,26,1952
"387","Peb2","Seine",2017-04-26,"creek_chub",98,"Main","Pebble Creek",2017,4,26,1952
"388","Peb2","Seine",2017-04-26,"fathead_minnow",63,"Main","Pebble Creek",2017,4,26,1952
"389","Peb2","Seine",2017-04-26,"northern_redbelly_dace",4,"Main","Pebble Creek",2017,4,26,1952
"390","Peb2","Seine",2017-04-26,"white_sucker",17,"Main","Pebble Creek",2017,4,26,1952
"391","See3","Seine",2020-07-29,"blacknose_dace",31,"Upper","Seeley Creek",2020,7,29,762
"392","See3","Seine",2020-07-29,"bluegill",4,"Upper","Seeley Creek",2020,7,29,762
"393","See3","Seine",2020-07-29,"central_mudminnow",3,"Upper","Seeley Creek",2020,7,29,762
"394","See3","Seine",2020-07-29,"central_stoneroller",26,"Upper","Seeley Creek",2020,7,29,762
"395","See3","Seine",2020-07-29,"common_shiner",35,"Upper","Seeley Creek",2020,7,29,762
"396","See3","Seine",2020-07-29,"creek_chub",22,"Upper","Seeley Creek",2020,7,29,762
"397","See3","Seine",2020-07-29,"fathead_minnow",24,"Upper","Seeley Creek",2020,7,29,762
"398","See3","Seine",2020-07-29,"golden_shiner",2,"Upper","Seeley Creek",2020,7,29,762
"399","See3","Seine",2020-07-29,"johnny_darter",23,"Upper","Seeley Creek",2020,7,29,762
"400","See3","Seine",2020-07-29,"largemouth_bass",3,"Upper","Seeley Creek",2020,7,29,762
"401","See3","Seine",2020-07-29,"mottled_sculpin",2,"Upper","Seeley Creek",2020,7,29,762
"402","See3","Seine",2020-07-29,"northern_redbelly_dace",1,"Upper","Seeley Creek",2020,7,29,762
"403","See3","Seine",2020-07-29,"pumpkinseed",2,"Upper","Seeley Creek",2020,7,29,762
"404","See3","Seine",2020-07-29,"white_sucker",31,"Upper","Seeley Creek",2020,7,29,762
"405","Tar2","Seine",2016-09-22,"blacknose_dace",43,"Upper","Tarabusi Creek",2016,9,22,2168
"406","Tar2","Seine",2016-09-22,"bluegill",22,"Upper","Tarabusi Creek",2016,9,22,2168
"407","Tar2","Seine",2016-09-22,"bluntnose_minnow",12,"Upper","Tarabusi Creek",2016,9,22,2168
"408","Tar2","Seine",2016-09-22,"common_shiner",107,"Upper","Tarabusi Creek",2016,9,22,2168
"409","Tar2","Seine",2016-09-22,"creek_chub",84,"Upper","Tarabusi Creek",2016,9,22,2168
"410","Tar2","Seine",2016-09-22,"fathead_minnow",178,"Upper","Tarabusi Creek",2016,9,22,2168
"411","Tar2","Seine",2016-09-22,"johnny_darter",97,"Upper","Tarabusi Creek",2016,9,22,2168
"412","Tar2","Seine",2016-09-22,"largemouth_bass",1,"Upper","Tarabusi Creek",2016,9,22,2168
"413","Tar2","Seine",2016-09-22,"pumpkinseed",2,"Upper","Tarabusi Creek",2016,9,22,2168
"414","Tar2","Seine",2016-09-22,"white_sucker",20,"Upper","Tarabusi Creek",2016,9,22,2168
"415","Ton1","Seine",2015-08-28,"blacknose_dace",13,"Middle","Tonquish Creek",2015,8,28,2559
"416","Ton1","Seine",2015-08-28,"bluegill",41,"Middle","Tonquish Creek",2015,8,28,2559
"417","Ton1","Seine",2015-08-28,"common_carp",1,"Middle","Tonquish Creek",2015,8,28,2559
"418","Ton1","Seine",2015-08-28,"creek_chub",13,"Middle","Tonquish Creek",2015,8,28,2559
"419","Ton1","Seine",2015-08-28,"fathead_minnow",29,"Middle","Tonquish Creek",2015,8,28,2559
"420","Ton1","Seine",2015-08-28,"johnny_darter",1,"Middle","Tonquish Creek",2015,8,28,2559
"421","Ton1","Seine",2015-08-28,"largemouth_bass",2,"Middle","Tonquish Creek",2015,8,28,2559
"422","Ton1","Seine",2015-08-28,"least_darter",13,"Middle","Tonquish Creek",2015,8,28,2559
"423","Ton1","Seine",2015-08-28,"mottled_sculpin",2,"Middle","Tonquish Creek",2015,8,28,2559
"424","Ton1","Seine",2015-08-28,"white_sucker",2,"Middle","Tonquish Creek",2015,8,28,2559
"425","Ton3","Seine",2015-08-28,"blacknose_dace",4,"Middle","Tonquish Creek",2015,8,28,2559
"426","Ton3","Seine",2015-08-28,"bluegill",3,"Middle","Tonquish Creek",2015,8,28,2559
"427","Ton3","Seine",2015-08-28,"central_stoneroller",1,"Middle","Tonquish Creek",2015,8,28,2559
"428","Ton3","Seine",2015-08-28,"common_carp",1,"Middle","Tonquish Creek",2015,8,28,2559
"429","Ton3","Seine",2015-08-28,"common_shiner",10,"Middle","Tonquish Creek",2015,8,28,2559
"430","Ton3","Seine",2015-08-28,"creek_chub",6,"Middle","Tonquish Creek",2015,8,28,2559
"431","Ton3","Seine",2015-08-28,"fathead_minnow",34,"Middle","Tonquish Creek",2015,8,28,2559
"432","Ton3","Seine",2015-08-28,"green_sunfish",1,"Middle","Tonquish Creek",2015,8,28,2559
"433","Ton3","Seine",2015-08-28,"johnny_darter",2,"Middle","Tonquish Creek",2015,8,28,2559
"434","Ton3","Seine",2015-08-28,"pumpkinseed",2,"Middle","Tonquish Creek",2015,8,28,2559
"435","UR-1","Seine",2019-05-14,"blacknose_dace",2,"Upper","Upper Rouge",2019,5,14,1204
"436","UR-1","Seine",2019-05-14,"blackside_darter",1,"Upper","Upper Rouge",2019,5,14,1204
"437","UR-1","Seine",2019-05-14,"bluegill",1,"Upper","Upper Rouge",2019,5,14,1204
"438","UR-1","Seine",2019-05-14,"bluntnose_minnow",4,"Upper","Upper Rouge",2019,5,14,1204
"439","UR-1","Seine",2019-05-14,"central_stoneroller",3,"Upper","Upper Rouge",2019,5,14,1204
"440","UR-1","Seine",2019-05-14,"common_shiner",4,"Upper","Upper Rouge",2019,5,14,1204
"441","UR-1","Seine",2019-05-14,"creek_chub",4,"Upper","Upper Rouge",2019,5,14,1204
"442","UR-1","Seine",2019-05-14,"fathead_minnow",109,"Upper","Upper Rouge",2019,5,14,1204
"443","UR-1","Seine",2019-05-14,"golden_shiner",3,"Upper","Upper Rouge",2019,5,14,1204
"444","UR-1","Seine",2019-05-14,"johnny_darter",41,"Upper","Upper Rouge",2019,5,14,1204
"445","UR-1","Seine",2019-05-14,"white_sucker",6,"Upper","Upper Rouge",2019,5,14,1204
"446","UR-2","Seine",2021-06-10,"blacknose_dace",9,"Upper","Bell Branch",2021,6,10,446
"447","UR-2","Seine",2021-06-10,"bluntnose_minnow",23,"Upper","Bell Branch",2021,6,10,446
"448","UR-2","Seine",2021-06-10,"common_shiner",50,"Upper","Bell Branch",2021,6,10,446
"449","UR-2","Seine",2021-06-10,"creek_chub",20,"Upper","Bell Branch",2021,6,10,446
"450","UR-2","Seine",2021-06-10,"fathead_minnow",45,"Upper","Bell Branch",2021,6,10,446
"451","UR-2","Seine",2021-06-10,"johnny_darter",58,"Upper","Bell Branch",2021,6,10,446
"452","UR-2","Seine",2021-06-10,"white_sucker",8,"Upper","Bell Branch",2021,6,10,446
"453","Up1","Seine",2021-06-10,"blacknose_dace",15,"Upper","Upper Rouge",2021,6,10,446
"454","Up1","Seine",2021-06-10,"bluegill",1,"Upper","Upper Rouge",2021,6,10,446
"455","Up1","Seine",2021-06-10,"central_stoneroller",1,"Upper","Upper Rouge",2021,6,10,446
"456","Up1","Seine",2021-06-10,"common_shiner",44,"Upper","Upper Rouge",2021,6,10,446
"457","Up1","Seine",2021-06-10,"creek_chub",8,"Upper","Upper Rouge",2021,6,10,446
"458","Up1","Seine",2021-06-10,"green_sunfish",4,"Upper","Upper Rouge",2021,6,10,446
"459","Up1","Seine",2021-06-10,"johnny_darter",8,"Upper","Upper Rouge",2021,6,10,446
"460","Up1","Seine",2021-06-10,"mottled_sculpin",5,"Upper","Upper Rouge",2021,6,10,446
"461","Up1","Seine",2021-06-10,"northern_hog_sucker",4,"Upper","Upper Rouge",2021,6,10,446
"462","Up1","Seine",2021-06-10,"rainbow_darter",10,"Upper","Upper Rouge",2021,6,10,446
"463","Up1","Seine",2021-06-10,"white_sucker",8,"Upper","Upper Rouge",2021,6,10,446
"464","Wall2","Seine",2015-09-11,"blacknose_dace",93,"Middle","Walled Lk Drainage",2015,9,11,2545
"465","Wall2","Seine",2015-09-11,"brook_stickleback",1,"Middle","Walled Lk Drainage",2015,9,11,2545
"466","Wall2","Seine",2015-09-11,"central_mudminnow",1,"Middle","Walled Lk Drainage",2015,9,11,2545
"467","Wall2","Seine",2015-09-11,"creek_chub",16,"Middle","Walled Lk Drainage",2015,9,11,2545
"468","Wall2","Seine",2015-09-11,"fathead_minnow",149,"Middle","Walled Lk Drainage",2015,9,11,2545
"469","Wall2","Seine",2015-09-11,"green_sunfish",1,"Middle","Walled Lk Drainage",2015,9,11,2545
"470","Wall2","Seine",2015-09-11,"johnny_darter",7,"Middle","Walled Lk Drainage",2015,9,11,2545
"471","Wall2","Seine",2015-09-11,"white_sucker",8,"Middle","Walled Lk Drainage",2015,9,11,2545
"472","Will1","Seine",2015-10-16,"central_stoneroller",1,"Middle","Willow Creek",2015,10,16,2510
"473","Will1","Seine",2015-10-16,"common_shiner",6,"Middle","Willow Creek",2015,10,16,2510
"474","Will1","Seine",2015-10-16,"creek_chub",55,"Middle","Willow Creek",2015,10,16,2510
"475","Will1","Seine",2015-10-16,"fathead_minnow",66,"Middle","Willow Creek",2015,10,16,2510
"476","Will1","Seine",2015-10-16,"johnny_darter",6,"Middle","Willow Creek",2015,10,16,2510
"477","Will1","Seine",2015-10-16,"white_sucker",62,"Middle","Willow Creek",2015,10,16,2510
"478","Bell4","Shocking",2022-06-17,"blacknose_dace",1,"Upper","Bell Branch",2022,6,17,74
"479","Bell4","Shocking",2022-06-17,"bluntnose_minnow",25,"Upper","Bell Branch",2022,6,17,74
"480","Bell4","Shocking",2022-06-17,"common_shiner",3,"Upper","Bell Branch",2022,6,17,74
"481","Bell4","Shocking",2022-06-17,"creek_chub",4,"Upper","Bell Branch",2022,6,17,74
"482","Bell4","Shocking",2022-06-17,"fathead_minnow",36,"Upper","Bell Branch",2022,6,17,74
"483","Bell4","Shocking",2022-06-17,"johnny_darter",41,"Upper","Bell Branch",2022,6,17,74
"484","Bell4","Shocking",2022-06-17,"pumpkinseed",5,"Upper","Bell Branch",2022,6,17,74
"485","Bell4","Shocking",2022-06-17,"white_sucker",2,"Upper","Bell Branch",2022,6,17,74
"486","Bish2","Shocking",2022-07-06,"blacknose_dace",8,"Middle","Bishop Creek",2022,7,6,55
"487","Bish2","Shocking",2022-07-06,"bluegill",1,"Middle","Bishop Creek",2022,7,6,55
"488","Bish2","Shocking",2022-07-06,"creek_chub",55,"Middle","Bishop Creek",2022,7,6,55
"489","Bish2","Shocking",2022-07-06,"fathead_minnow",10,"Middle","Bishop Creek",2022,7,6,55
"490","Bish2","Shocking",2022-07-06,"johnny_darter",3,"Middle","Bishop Creek",2022,7,6,55
"491","Bish2","Shocking",2022-07-06,"largemouth_bass",4,"Middle","Bishop Creek",2022,7,6,55
"492","Bish2","Shocking",2022-07-06,"white_sucker",2,"Middle","Bishop Creek",2022,7,6,55
"493","Evan2","Shocking",2022-07-29,"blacknose_dace",10,"Main","Evans Creek",2022,7,29,32
"494","Evan2","Shocking",2022-07-29,"creek_chub",5,"Main","Evans Creek",2022,7,29,32
"495","Evan2","Shocking",2022-07-29,"fathead_minnow",18,"Main","Evans Creek",2022,7,29,32
"496","Evan2","Shocking",2022-07-29,"pumpkinseed",2,"Main","Evans Creek",2022,7,29,32
"497","Evan2","Shocking",2022-07-29,"white_sucker",7,"Main","Evans Creek",2022,7,29,32
"498","Evan5","Shocking",2022-07-29,"blacknose_dace",9,"Main","Evans Creek",2022,7,29,32
"499","Evan5","Shocking",2022-07-29,"creek_chub",14,"Main","Evans Creek",2022,7,29,32
"500","Evan5","Shocking",2022-07-29,"fathead_minnow",2,"Main","Evans Creek",2022,7,29,32
"501","Evan5","Shocking",2022-07-29,"goldfish",1,"Main","Evans Creek",2022,7,29,32
"502","Evan5","Shocking",2022-07-29,"white_sucker",12,"Main","Evans Creek",2022,7,29,32
"503","Fel4","Shocking",2022-07-11,"blackside_darter",4,"Lower","Fellows Creek",2022,7,11,50
"504","Fel4","Shocking",2022-07-11,"bluegill",13,"Lower","Fellows Creek",2022,7,11,50
"505","Fel4","Shocking",2022-07-11,"central_stoneroller",3,"Lower","Fellows Creek",2022,7,11,50
"506","Fel4","Shocking",2022-07-11,"common_carp",5,"Lower","Fellows Creek",2022,7,11,50
"507","Fel4","Shocking",2022-07-11,"common_shiner",73,"Lower","Fellows Creek",2022,7,11,50
"508","Fel4","Shocking",2022-07-11,"creek_chub",46,"Lower","Fellows Creek",2022,7,11,50
"509","Fel4","Shocking",2022-07-11,"goldfish",1,"Lower","Fellows Creek",2022,7,11,50
"510","Fel4","Shocking",2022-07-11,"green_sunfish",44,"Lower","Fellows Creek",2022,7,11,50
"511","Fel4","Shocking",2022-07-11,"johnny_darter",8,"Lower","Fellows Creek",2022,7,11,50
"512","Fel4","Shocking",2022-07-11,"pumpkinseed",3,"Lower","Fellows Creek",2022,7,11,50
"513","Fel4","Shocking",2022-07-11,"white_sucker",27,"Lower","Fellows Creek",2022,7,11,50
"514","Fel6","Shocking",2022-06-13,"blacknose_dace",2,"Lower","Fellows Creek",2022,6,13,78
"515","Fel6","Shocking",2022-06-13,"common_shiner",4,"Lower","Fellows Creek",2022,6,13,78
"516","Fel6","Shocking",2022-06-13,"creek_chub",12,"Lower","Fellows Creek",2022,6,13,78
"517","Fel6","Shocking",2022-06-13,"fathead_minnow",8,"Lower","Fellows Creek",2022,6,13,78
"518","Fel6","Shocking",2022-06-13,"green_sunfish",7,"Lower","Fellows Creek",2022,6,13,78
"519","Fel6","Shocking",2022-06-13,"white_sucker",1,"Lower","Fellows Creek",2022,6,13,78
"520","Fowl2","Shocking",2022-07-19,"bluegill",16,"Lower","Fowler Creek",2022,7,19,42
"521","Fowl2","Shocking",2022-07-19,"central_mudminnow",3,"Lower","Fowler Creek",2022,7,19,42
"522","Fowl2","Shocking",2022-07-19,"common_carp",1,"Lower","Fowler Creek",2022,7,19,42
"523","Fowl2","Shocking",2022-07-19,"fathead_minnow",2,"Lower","Fowler Creek",2022,7,19,42
"524","Fowl2","Shocking",2022-07-19,"gizzard_shad",2,"Lower","Fowler Creek",2022,7,19,42
"525","Fowl2","Shocking",2022-07-19,"green_sunfish",38,"Lower","Fowler Creek",2022,7,19,42
"526","Fowl2","Shocking",2022-07-19,"johnny_darter",7,"Lower","Fowler Creek",2022,7,19,42
"527","Fowl2","Shocking",2022-07-19,"largemouth_bass",2,"Lower","Fowler Creek",2022,7,19,42
"528","Fowl2","Shocking",2022-07-19,"northern_pike",1,"Lower","Fowler Creek",2022,7,19,42
"529","Fowl2","Shocking",2022-07-19,"pumpkinseed",10,"Lower","Fowler Creek",2022,7,19,42
"530","Fowl2","Shocking",2022-07-19,"round_goby",11,"Lower","Fowler Creek",2022,7,19,42
"531","Fowl2","Shocking",2022-07-19,"white_sucker",24,"Lower","Fowler Creek",2022,7,19,42
"532","Fowl2","Shocking",2022-07-19,"yellow_bullhead",3,"Lower","Fowler Creek",2022,7,19,42
"533","Fowl2","Shocking",2022-07-19,"yellow_perch",7,"Lower","Fowler Creek",2022,7,19,42
"534","Fowl4","Shocking",2022-07-18,"blacknose_dace",24,"Lower","Fowler Creek",2022,7,18,43
"535","Fowl4","Shocking",2022-07-18,"bluegill",1,"Lower","Fowler Creek",2022,7,18,43
"536","Fowl4","Shocking",2022-07-18,"central_mudminnow",6,"Lower","Fowler Creek",2022,7,18,43
"537","Fowl4","Shocking",2022-07-18,"common_carp",1,"Lower","Fowler Creek",2022,7,18,43
"538","Fowl4","Shocking",2022-07-18,"common_shiner",23,"Lower","Fowler Creek",2022,7,18,43
"539","Fowl4","Shocking",2022-07-18,"creek_chub",52,"Lower","Fowler Creek",2022,7,18,43
"540","Fowl4","Shocking",2022-07-18,"goldfish",2,"Lower","Fowler Creek",2022,7,18,43
"541","Fowl4","Shocking",2022-07-18,"green_sunfish",16,"Lower","Fowler Creek",2022,7,18,43
"542","Fowl4","Shocking",2022-07-18,"johnny_darter",36,"Lower","Fowler Creek",2022,7,18,43
"543","Fowl4","Shocking",2022-07-18,"white_sucker",20,"Lower","Fowler Creek",2022,7,18,43
"544","Fowl5","Shocking",2022-07-18,"blacknose_dace",5,"Lower","Fowler Creek",2022,7,18,43
"545","Fowl5","Shocking",2022-07-18,"creek_chub",18,"Lower","Fowler Creek",2022,7,18,43
"546","Fowl5","Shocking",2022-07-18,"fathead_minnow",13,"Lower","Fowler Creek",2022,7,18,43
"547","Fowl5","Shocking",2022-07-18,"green_sunfish",33,"Lower","Fowler Creek",2022,7,18,43
"548","Fowl5","Shocking",2022-07-18,"johnny_darter",5,"Lower","Fowler Creek",2022,7,18,43
"549","Fowl5","Shocking",2022-07-18,"pumpkinseed",4,"Lower","Fowler Creek",2022,7,18,43
"550","Fowl5","Shocking",2022-07-18,"round_goby",4,"Lower","Fowler Creek",2022,7,18,43
"551","Frank1","Shocking",2022-07-07,"blacknose_dace",83,"Main","Franklin Creek",2022,7,7,54
"552","Frank1","Shocking",2022-07-07,"central_stoneroller",6,"Main","Franklin Creek",2022,7,7,54
"553","Frank1","Shocking",2022-07-07,"common_shiner",52,"Main","Franklin Creek",2022,7,7,54
"554","Frank1","Shocking",2022-07-07,"creek_chub",127,"Main","Franklin Creek",2022,7,7,54
"555","Frank1","Shocking",2022-07-07,"fathead_minnow",1,"Main","Franklin Creek",2022,7,7,54
"556","Frank1","Shocking",2022-07-07,"mottled_sculpin",21,"Main","Franklin Creek",2022,7,7,54
"557","Frank1","Shocking",2022-07-07,"white_sucker",21,"Main","Franklin Creek",2022,7,7,54
"558","John1","Shocking",2022-07-12,"blacknose_dace",10,"Middle","Johnson Creek",2022,7,12,49
"559","John1","Shocking",2022-07-12,"bluegill",7,"Middle","Johnson Creek",2022,7,12,49
"560","John1","Shocking",2022-07-12,"brook_stickleback",5,"Middle","Johnson Creek",2022,7,12,49
"561","John1","Shocking",2022-07-12,"central_mudminnow",40,"Middle","Johnson Creek",2022,7,12,49
"562","John1","Shocking",2022-07-12,"central_stoneroller",31,"Middle","Johnson Creek",2022,7,12,49
"563","John1","Shocking",2022-07-12,"creek_chub",93,"Middle","Johnson Creek",2022,7,12,49
"564","John1","Shocking",2022-07-12,"fathead_minnow",36,"Middle","Johnson Creek",2022,7,12,49
"565","John1","Shocking",2022-07-12,"green_sunfish",2,"Middle","Johnson Creek",2022,7,12,49
"566","John1","Shocking",2022-07-12,"johnny_darter",8,"Middle","Johnson Creek",2022,7,12,49
"567","John1","Shocking",2022-07-12,"largemouth_bass",1,"Middle","Johnson Creek",2022,7,12,49
"568","John1","Shocking",2022-07-12,"mottled_sculpin",31,"Middle","Johnson Creek",2022,7,12,49
"569","John1","Shocking",2022-07-12,"northern_redbelly_dace",1,"Middle","Johnson Creek",2022,7,12,49
"570","John1","Shocking",2022-07-12,"rainbow_darter",90,"Middle","Johnson Creek",2022,7,12,49
"571","John1","Shocking",2022-07-12,"white_sucker",13,"Middle","Johnson Creek",2022,7,12,49
"572","John6","Shocking",2022-08-09,"blacknose_dace",2,"Middle","Johnson Creek",2022,8,9,21
"573","John6","Shocking",2022-08-09,"bluegill",10,"Middle","Johnson Creek",2022,8,9,21
"574","John6","Shocking",2022-08-09,"bluntnose_minnow",2,"Middle","Johnson Creek",2022,8,9,21
"575","John6","Shocking",2022-08-09,"brown_trout",16,"Middle","Johnson Creek",2022,8,9,21
"576","John6","Shocking",2022-08-09,"creek_chub",14,"Middle","Johnson Creek",2022,8,9,21
"577","John6","Shocking",2022-08-09,"golden_shiner",2,"Middle","Johnson Creek",2022,8,9,21
"578","John6","Shocking",2022-08-09,"green_sunfish",4,"Middle","Johnson Creek",2022,8,9,21
"579","John6","Shocking",2022-08-09,"largemouth_bass",1,"Middle","Johnson Creek",2022,8,9,21
"580","John6","Shocking",2022-08-09,"mottled_sculpin",34,"Middle","Johnson Creek",2022,8,9,21
"581","John6","Shocking",2022-08-09,"rainbow_darter",1,"Middle","Johnson Creek",2022,8,9,21
"582","John6","Shocking",2022-08-09,"rock_bass",2,"Middle","Johnson Creek",2022,8,9,21
"583","John6","Shocking",2022-08-09,"white_crappie",11,"Middle","Johnson Creek",2022,8,9,21
"584","John6","Shocking",2022-08-09,"white_sucker",38,"Middle","Johnson Creek",2022,8,9,21
"585","LR-10","Shocking",2022-07-05,"blacknose_dace",2,"Lower","Lower Rouge",2022,7,5,56
"586","LR-10","Shocking",2022-07-05,"bluegill",9,"Lower","Lower Rouge",2022,7,5,56
"587","LR-10","Shocking",2022-07-05,"bluntnose_minnow",1,"Lower","Lower Rouge",2022,7,5,56
"588","LR-10","Shocking",2022-07-05,"common_shiner",2,"Lower","Lower Rouge",2022,7,5,56
"589","LR-10","Shocking",2022-07-05,"creek_chub",10,"Lower","Lower Rouge",2022,7,5,56
"590","LR-10","Shocking",2022-07-05,"fathead_minnow",3,"Lower","Lower Rouge",2022,7,5,56
"591","LR-10","Shocking",2022-07-05,"green_sunfish",21,"Lower","Lower Rouge",2022,7,5,56
"592","LR-10","Shocking",2022-07-05,"northern_logperch",3,"Lower","Lower Rouge",2022,7,5,56
"593","LR-10","Shocking",2022-07-05,"round_goby",15,"Lower","Lower Rouge",2022,7,5,56
"594","LR-10","Shocking",2022-07-05,"white_sucker",9,"Lower","Lower Rouge",2022,7,5,56
"595","LR-10","Shocking",2022-07-05,"yellow_perch",1,"Lower","Lower Rouge",2022,7,5,56
"596","LR-11A","Shocking",2022-07-05,"blackside_darter",1,"Lower","Lower Rouge",2022,7,5,56
"597","LR-11A","Shocking",2022-07-05,"bluntnose_minnow",1,"Lower","Lower Rouge",2022,7,5,56
"598","LR-11A","Shocking",2022-07-05,"common_carp",3,"Lower","Lower Rouge",2022,7,5,56
"599","LR-11A","Shocking",2022-07-05,"creek_chub",1,"Lower","Lower Rouge",2022,7,5,56
"600","LR-11A","Shocking",2022-07-05,"emerald_shiner",2,"Lower","Lower Rouge",2022,7,5,56
"601","LR-11A","Shocking",2022-07-05,"fathead_minnow",1,"Lower","Lower Rouge",2022,7,5,56
"602","LR-11A","Shocking",2022-07-05,"northern_logperch",2,"Lower","Lower Rouge",2022,7,5,56
"603","LR-11A","Shocking",2022-07-05,"pumpkinseed",1,"Lower","Lower Rouge",2022,7,5,56
"604","LR-11A","Shocking",2022-07-05,"rock_bass",1,"Lower","Lower Rouge",2022,7,5,56
"605","LR-11A","Shocking",2022-07-05,"round_goby",7,"Lower","Lower Rouge",2022,7,5,56
"606","LR-11A","Shocking",2022-07-05,"shorhead_redhorse",1,"Lower","Lower Rouge",2022,7,5,56
"607","LR-11A","Shocking",2022-07-05,"smallmouth_bass",1,"Lower","Lower Rouge",2022,7,5,56
"608","LR-11A","Shocking",2022-07-05,"white_sucker",2,"Lower","Lower Rouge",2022,7,5,56
"609","LR-11A","Shocking",2022-07-05,"yellow_perch",5,"Lower","Lower Rouge",2022,7,5,56
"610","LR-12","Shocking",2022-07-20,"blacknose_dace",15,"Lower","Lower Rouge",2022,7,20,41
"611","LR-12","Shocking",2022-07-20,"blackside_darter",3,"Lower","Lower Rouge",2022,7,20,41
"612","LR-12","Shocking",2022-07-20,"bluegill",19,"Lower","Lower Rouge",2022,7,20,41
"613","LR-12","Shocking",2022-07-20,"central_mudminnow",4,"Lower","Lower Rouge",2022,7,20,41
"614","LR-12","Shocking",2022-07-20,"creek_chub",14,"Lower","Lower Rouge",2022,7,20,41
"615","LR-12","Shocking",2022-07-20,"fathead_minnow",1,"Lower","Lower Rouge",2022,7,20,41
"616","LR-12","Shocking",2022-07-20,"green_sunfish",18,"Lower","Lower Rouge",2022,7,20,41
"617","LR-12","Shocking",2022-07-20,"johnny_darter",1,"Lower","Lower Rouge",2022,7,20,41
"618","LR-12","Shocking",2022-07-20,"largemouth_bass",1,"Lower","Lower Rouge",2022,7,20,41
"619","LR-12","Shocking",2022-07-20,"northern_hog_sucker",8,"Lower","Lower Rouge",2022,7,20,41
"620","LR-12","Shocking",2022-07-20,"northern_logperch",5,"Lower","Lower Rouge",2022,7,20,41
"621","LR-12","Shocking",2022-07-20,"pumpkinseed",1,"Lower","Lower Rouge",2022,7,20,41
"622","LR-12","Shocking",2022-07-20,"round_goby",39,"Lower","Lower Rouge",2022,7,20,41
"623","LR-12","Shocking",2022-07-20,"white_sucker",10,"Lower","Lower Rouge",2022,7,20,41
"624","LR-12","Shocking",2022-07-20,"yellow_perch",1,"Lower","Lower Rouge",2022,7,20,41
"625","LR-2","Shocking",2022-07-19,"bluegill",16,"Lower","Lower Rouge",2022,7,19,42
"626","LR-2","Shocking",2022-07-19,"central_mudminnow",2,"Lower","Lower Rouge",2022,7,19,42
"627","LR-2","Shocking",2022-07-19,"common_carp",9,"Lower","Lower Rouge",2022,7,19,42
"628","LR-2","Shocking",2022-07-19,"common_shiner",1,"Lower","Lower Rouge",2022,7,19,42
"629","LR-2","Shocking",2022-07-19,"creek_chub",1,"Lower","Lower Rouge",2022,7,19,42
"630","LR-2","Shocking",2022-07-19,"fathead_minnow",6,"Lower","Lower Rouge",2022,7,19,42
"631","LR-2","Shocking",2022-07-19,"green_sunfish",35,"Lower","Lower Rouge",2022,7,19,42
"632","LR-2","Shocking",2022-07-19,"johnny_darter",4,"Lower","Lower Rouge",2022,7,19,42
"633","LR-2","Shocking",2022-07-19,"northern_hog_sucker",6,"Lower","Lower Rouge",2022,7,19,42
"634","LR-2","Shocking",2022-07-19,"northern_logperch",5,"Lower","Lower Rouge",2022,7,19,42
"635","LR-2","Shocking",2022-07-19,"northern_pike",2,"Lower","Lower Rouge",2022,7,19,42
"636","LR-2","Shocking",2022-07-19,"rainbow_trout",1,"Lower","Lower Rouge",2022,7,19,42
"637","LR-2","Shocking",2022-07-19,"round_goby",37,"Lower","Lower Rouge",2022,7,19,42
"638","LR-2","Shocking",2022-07-19,"white_sucker",1,"Lower","Lower Rouge",2022,7,19,42
"639","LR-2","Shocking",2022-07-19,"yellow_perch",12,"Lower","Lower Rouge",2022,7,19,42
"640","LR-5","Shocking",2022-07-11,"bluegill",21,"Lower","Fellows Creek",2022,7,11,50
"641","LR-5","Shocking",2022-07-11,"common_carp",10,"Lower","Fellows Creek",2022,7,11,50
"642","LR-5","Shocking",2022-07-11,"common_shiner",7,"Lower","Fellows Creek",2022,7,11,50
"643","LR-5","Shocking",2022-07-11,"creek_chub",8,"Lower","Fellows Creek",2022,7,11,50
"644","LR-5","Shocking",2022-07-11,"fathead_minnow",1,"Lower","Fellows Creek",2022,7,11,50
"645","LR-5","Shocking",2022-07-11,"green_sunfish",28,"Lower","Fellows Creek",2022,7,11,50
"646","LR-5","Shocking",2022-07-11,"johnny_darter",2,"Lower","Fellows Creek",2022,7,11,50
"647","LR-5","Shocking",2022-07-11,"pumpkinseed",5,"Lower","Fellows Creek",2022,7,11,50
"648","LR-5","Shocking",2022-07-11,"sunfish_hybrid",2,"Lower","Fellows Creek",2022,7,11,50
"649","LR-5","Shocking",2022-07-11,"white_sucker",15,"Lower","Fellows Creek",2022,7,11,50
"650","LR-6","Shocking",2022-06-28,"blacknose_dace",1,"Lower","Lower Rouge",2022,6,28,63
"651","LR-6","Shocking",2022-06-28,"blackside_darter",6,"Lower","Lower Rouge",2022,6,28,63
"652","LR-6","Shocking",2022-06-28,"bluegill",18,"Lower","Lower Rouge",2022,6,28,63
"653","LR-6","Shocking",2022-06-28,"central_stoneroller",1,"Lower","Lower Rouge",2022,6,28,63
"654","LR-6","Shocking",2022-06-28,"common_carp",2,"Lower","Lower Rouge",2022,6,28,63
"655","LR-6","Shocking",2022-06-28,"common_shiner",3,"Lower","Lower Rouge",2022,6,28,63
"656","LR-6","Shocking",2022-06-28,"creek_chub",6,"Lower","Lower Rouge",2022,6,28,63
"657","LR-6","Shocking",2022-06-28,"fathead_minnow",6,"Lower","Lower Rouge",2022,6,28,63
"658","LR-6","Shocking",2022-06-28,"green_sunfish",14,"Lower","Lower Rouge",2022,6,28,63
"659","LR-6","Shocking",2022-06-28,"northern_pike",1,"Lower","Lower Rouge",2022,6,28,63
"660","LR-6","Shocking",2022-06-28,"pumpkinseed",6,"Lower","Lower Rouge",2022,6,28,63
"661","LR-6","Shocking",2022-06-28,"round_goby",27,"Lower","Lower Rouge",2022,6,28,63
"662","LR-6","Shocking",2022-06-28,"spotted_sucker",2,"Lower","Lower Rouge",2022,6,28,63
"663","LR-6","Shocking",2022-06-28,"white_sucker",13,"Lower","Lower Rouge",2022,6,28,63
"664","LR-6","Shocking",2022-06-28,"yellow_bullhead",1,"Lower","Lower Rouge",2022,6,28,63
"665","Low2","Shocking",2022-07-26,"blacknose_dace",9,"Lower","Lower Rouge",2022,7,26,35
"666","Low2","Shocking",2022-07-26,"bluegill",1,"Lower","Lower Rouge",2022,7,26,35
"667","Low2","Shocking",2022-07-26,"common_shiner",6,"Lower","Lower Rouge",2022,7,26,35
"668","Low2","Shocking",2022-07-26,"creek_chub",13,"Lower","Lower Rouge",2022,7,26,35
"669","Low2","Shocking",2022-07-26,"johnny_darter",27,"Lower","Lower Rouge",2022,7,26,35
"670","MN-2","Shocking",2022-06-23,"blackside_darter",1,"Main","Main Rouge",2022,6,23,68
"671","MN-2","Shocking",2022-06-23,"pumpkinseed",1,"Main","Main Rouge",2022,6,23,68
"672","MN-2","Shocking",2022-06-23,"white_sucker",32,"Main","Main Rouge",2022,6,23,68
"673","MN-5","Shocking",2022-07-27,"blackside_darter",2,"Main","Main Rouge",2022,7,27,34
"674","MN-5","Shocking",2022-07-27,"bluegill",5,"Main","Main Rouge",2022,7,27,34
"675","MN-5","Shocking",2022-07-27,"common_shiner",2,"Main","Main Rouge",2022,7,27,34
"676","MN-5","Shocking",2022-07-27,"green_sunfish",3,"Main","Main Rouge",2022,7,27,34
"677","MN-5","Shocking",2022-07-27,"johnny_darter",7,"Main","Main Rouge",2022,7,27,34
"678","MN-5","Shocking",2022-07-27,"northern_pike",1,"Main","Main Rouge",2022,7,27,34
"679","MN-5","Shocking",2022-07-27,"pumpkinseed",1,"Main","Main Rouge",2022,7,27,34
"680","MN-5","Shocking",2022-07-27,"rock_bass",11,"Main","Main Rouge",2022,7,27,34
"681","MN-5","Shocking",2022-07-27,"white_sucker",31,"Main","Main Rouge",2022,7,27,34
"682","MN-7A","Shocking",2022-07-27,"bluegill",15,"Main","Main Rouge",2022,7,27,34
"683","MN-7A","Shocking",2022-07-27,"common_carp",3,"Main","Main Rouge",2022,7,27,34
"684","MN-7A","Shocking",2022-07-27,"common_shiner",3,"Main","Main Rouge",2022,7,27,34
"685","MN-7A","Shocking",2022-07-27,"creek_chub",9,"Main","Main Rouge",2022,7,27,34
"686","MN-7A","Shocking",2022-07-27,"fathead_minnow",28,"Main","Main Rouge",2022,7,27,34
"687","MN-7A","Shocking",2022-07-27,"goldfish",2,"Main","Main Rouge",2022,7,27,34
"688","MN-7A","Shocking",2022-07-27,"green_sunfish",2,"Main","Main Rouge",2022,7,27,34
"689","MN-7A","Shocking",2022-07-27,"johnny_darter",2,"Main","Main Rouge",2022,7,27,34
"690","MN-7A","Shocking",2022-07-27,"northern_pike",1,"Main","Main Rouge",2022,7,27,34
"691","MN-7A","Shocking",2022-07-27,"pumpkinseed",3,"Main","Main Rouge",2022,7,27,34
"692","MN-7A","Shocking",2022-07-27,"rock_bass",1,"Main","Main Rouge",2022,7,27,34
"693","MN-7A","Shocking",2022-07-27,"round_goby",5,"Main","Main Rouge",2022,7,27,34
"694","MN-7A","Shocking",2022-07-27,"sunfish_hybrid",3,"Main","Main Rouge",2022,7,27,34
"695","MN-7A","Shocking",2022-07-27,"white_sucker",91,"Main","Main Rouge",2022,7,27,34
"696","MR-11","Shocking",2022-07-05,"bluegill",13,"Middle","Middle Rouge",2022,7,5,56
"697","MR-11","Shocking",2022-07-05,"bluntnose_minnow",2,"Middle","Middle Rouge",2022,7,5,56
"698","MR-11","Shocking",2022-07-05,"common_carp",1,"Middle","Middle Rouge",2022,7,5,56
"699","MR-11","Shocking",2022-07-05,"common_shiner",3,"Middle","Middle Rouge",2022,7,5,56
"700","MR-11","Shocking",2022-07-05,"creek_chub",2,"Middle","Middle Rouge",2022,7,5,56
"701","MR-11","Shocking",2022-07-05,"fathead_minnow",1,"Middle","Middle Rouge",2022,7,5,56
"702","MR-11","Shocking",2022-07-05,"golden_shiner",1,"Middle","Middle Rouge",2022,7,5,56
"703","MR-11","Shocking",2022-07-05,"johnny_darter",1,"Middle","Middle Rouge",2022,7,5,56
"704","MR-11","Shocking",2022-07-05,"northern_pike",1,"Middle","Middle Rouge",2022,7,5,56
"705","MR-11","Shocking",2022-07-05,"pumpkinseed",6,"Middle","Middle Rouge",2022,7,5,56
"706","MR-11","Shocking",2022-07-05,"rock_bass",6,"Middle","Middle Rouge",2022,7,5,56
"707","MR-11","Shocking",2022-07-05,"round_goby",2,"Middle","Middle Rouge",2022,7,5,56
"708","MR-11","Shocking",2022-07-05,"spotfin_shiner",1,"Middle","Middle Rouge",2022,7,5,56
"709","MR-11","Shocking",2022-07-05,"white_sucker",4,"Middle","Middle Rouge",2022,7,5,56
"710","MR-15","Shocking",2022-06-22,"blackside_darter",1,"Middle","Middle Rouge",2022,6,22,69
"711","MR-15","Shocking",2022-06-22,"bluntnose_minnow",1,"Middle","Middle Rouge",2022,6,22,69
"712","MR-15","Shocking",2022-06-22,"common_shiner",3,"Middle","Middle Rouge",2022,6,22,69
"713","MR-15","Shocking",2022-06-22,"fathead_minnow",1,"Middle","Middle Rouge",2022,6,22,69
"714","MR-15","Shocking",2022-06-22,"green_sunfish",1,"Middle","Middle Rouge",2022,6,22,69
"715","MR-15","Shocking",2022-06-22,"johnny_darter",1,"Middle","Middle Rouge",2022,6,22,69
"716","MR-15","Shocking",2022-06-22,"pumpkinseed",1,"Middle","Middle Rouge",2022,6,22,69
"717","MR-15","Shocking",2022-06-22,"rock_bass",2,"Middle","Middle Rouge",2022,6,22,69
"718","MR-15","Shocking",2022-06-22,"round_goby",3,"Middle","Middle Rouge",2022,6,22,69
"719","MR-15","Shocking",2022-06-22,"spotfin_shiner",7,"Middle","Middle Rouge",2022,6,22,69
"720","MR-18","Shocking",2022-08-09,"blacknose_dace",18,"Middle","Middle Rouge",2022,8,9,21
"721","MR-18","Shocking",2022-08-09,"bluegill",2,"Middle","Middle Rouge",2022,8,9,21
"722","MR-18","Shocking",2022-08-09,"common_carp",16,"Middle","Middle Rouge",2022,8,9,21
"723","MR-18","Shocking",2022-08-09,"golden_shiner",1,"Middle","Middle Rouge",2022,8,9,21
"724","MR-18","Shocking",2022-08-09,"green_sunfish",1,"Middle","Middle Rouge",2022,8,9,21
"725","MR-18","Shocking",2022-08-09,"johnny_darter",1,"Middle","Middle Rouge",2022,8,9,21
"726","MR-18","Shocking",2022-08-09,"largemouth_bass",9,"Middle","Middle Rouge",2022,8,9,21
"727","MR-18","Shocking",2022-08-09,"northern_pike",1,"Middle","Middle Rouge",2022,8,9,21
"728","MR-18","Shocking",2022-08-09,"pumpkinseed",3,"Middle","Middle Rouge",2022,8,9,21
"729","MR-18","Shocking",2022-08-09,"rock_bass",26,"Middle","Middle Rouge",2022,8,9,21
"730","MR-18","Shocking",2022-08-09,"smallmouth_bass",17,"Middle","Middle Rouge",2022,8,9,21
"731","MR-18","Shocking",2022-08-09,"white_sucker",5,"Middle","Middle Rouge",2022,8,9,21
"732","MR-18","Shocking",2022-08-09,"yellow_bullhead",2,"Middle","Middle Rouge",2022,8,9,21
"733","MR-4","Shocking",2022-07-13,"bluegill",1,"Middle","Middle Rouge",2022,7,13,48
"734","MR-4","Shocking",2022-07-13,"brown_bullhead",3,"Middle","Middle Rouge",2022,7,13,48
"735","MR-4","Shocking",2022-07-13,"pumpkinseed",1,"Middle","Middle Rouge",2022,7,13,48
"736","MR-4","Shocking",2022-07-13,"rock_bass",16,"Middle","Middle Rouge",2022,7,13,48
"737","MR-4","Shocking",2022-07-13,"round_goby",6,"Middle","Middle Rouge",2022,7,13,48
"738","MR-4","Shocking",2022-07-13,"smallmouth_bass",2,"Middle","Middle Rouge",2022,7,13,48
"739","MR-4","Shocking",2022-07-13,"spotfin_shiner",8,"Middle","Middle Rouge",2022,7,13,48
"740","MR-4","Shocking",2022-07-13,"sunfish_hybrid",2,"Middle","Middle Rouge",2022,7,13,48
"741","MR-4","Shocking",2022-07-13,"yellow_bullhead",2,"Middle","Middle Rouge",2022,7,13,48
"742","MR-9","Shocking",2022-07-13,"bluntnose_minnow",5,"Middle","Middle Rouge",2022,7,13,48
"743","MR-9","Shocking",2022-07-13,"common_shiner",10,"Middle","Middle Rouge",2022,7,13,48
"744","MR-9","Shocking",2022-07-13,"creek_chub",10,"Middle","Middle Rouge",2022,7,13,48
"745","MR-9","Shocking",2022-07-13,"green_sunfish",2,"Middle","Middle Rouge",2022,7,13,48
"746","MR-9","Shocking",2022-07-13,"northern_pike",2,"Middle","Middle Rouge",2022,7,13,48
"747","MR-9","Shocking",2022-07-13,"pumpkinseed",2,"Middle","Middle Rouge",2022,7,13,48
"748","MR-9","Shocking",2022-07-13,"rock_bass",1,"Middle","Middle Rouge",2022,7,13,48
"749","MR-9","Shocking",2022-07-13,"spotfin_shiner",4,"Middle","Middle Rouge",2022,7,13,48
"750","MR-9","Shocking",2022-07-13,"sunfish_hybrid",1,"Middle","Middle Rouge",2022,7,13,48
"751","MR-9","Shocking",2022-07-13,"white_sucker",23,"Middle","Middle Rouge",2022,7,13,48
"752","Main10","Shocking",2022-07-22,"bluegill",3,"Main","Main Rouge",2022,7,22,39
"753","Main10","Shocking",2022-07-22,"bowfin",2,"Main","Main Rouge",2022,7,22,39
"754","Main10","Shocking",2022-07-22,"channel_catfish",1,"Main","Main Rouge",2022,7,22,39
"755","Main10","Shocking",2022-07-22,"common_carp",34,"Main","Main Rouge",2022,7,22,39
"756","Main10","Shocking",2022-07-22,"emerald_shiner",5,"Main","Main Rouge",2022,7,22,39
"757","Main10","Shocking",2022-07-22,"gizzard_shad",8,"Main","Main Rouge",2022,7,22,39
"758","Main10","Shocking",2022-07-22,"golden_redhorse",1,"Main","Main Rouge",2022,7,22,39
"759","Main10","Shocking",2022-07-22,"golden_shiner",1,"Main","Main Rouge",2022,7,22,39
"760","Main10","Shocking",2022-07-22,"goldfish",1,"Main","Main Rouge",2022,7,22,39
"761","Main10","Shocking",2022-07-22,"largemouth_bass",7,"Main","Main Rouge",2022,7,22,39
"762","Main10","Shocking",2022-07-22,"northern_pike",1,"Main","Main Rouge",2022,7,22,39
"763","Main10","Shocking",2022-07-22,"pumpkinseed",3,"Main","Main Rouge",2022,7,22,39
"764","Main10","Shocking",2022-07-22,"rock_bass",1,"Main","Main Rouge",2022,7,22,39
"765","Main10","Shocking",2022-07-22,"smallmouth_bass",4,"Main","Main Rouge",2022,7,22,39
"766","Main10","Shocking",2022-07-22,"white_bass",2,"Main","Main Rouge",2022,7,22,39
"767","Main10","Shocking",2022-07-22,"white_sucker",2,"Main","Main Rouge",2022,7,22,39
"768","Main10","Shocking",2022-07-22,"yellow_bullhead",1,"Main","Main Rouge",2022,7,22,39
"769","Main10","Shocking",2022-07-22,"yellow_perch",1,"Main","Main Rouge",2022,7,22,39
"770","Main11","Shocking",2022-06-29,"black_crappie",1,"Main","Quarton Branch",2022,6,29,62
"771","Main11","Shocking",2022-06-29,"bluegill",47,"Main","Quarton Branch",2022,6,29,62
"772","Main11","Shocking",2022-06-29,"bluntnose_minnow",6,"Main","Quarton Branch",2022,6,29,62
"773","Main11","Shocking",2022-06-29,"largemouth_bass",7,"Main","Quarton Branch",2022,6,29,62
"774","Main11","Shocking",2022-06-29,"northern_pike",1,"Main","Quarton Branch",2022,6,29,62
"775","Main11","Shocking",2022-06-29,"pumpkinseed",19,"Main","Quarton Branch",2022,6,29,62
"776","Main11","Shocking",2022-06-29,"rock_bass",17,"Main","Quarton Branch",2022,6,29,62
"777","Main11","Shocking",2022-06-29,"white_sucker",8,"Main","Quarton Branch",2022,6,29,62
"778","Main11","Shocking",2022-06-29,"yellow_bullhead",1,"Main","Quarton Branch",2022,6,29,62
"779","Main12","Shocking",2022-07-22,"bluegill",8,"Main","Main Rouge",2022,7,22,39
"780","Main12","Shocking",2022-07-22,"bowfin",1,"Main","Main Rouge",2022,7,22,39
"781","Main12","Shocking",2022-07-22,"brown_bullhead",3,"Main","Main Rouge",2022,7,22,39
"782","Main12","Shocking",2022-07-22,"common_carp",36,"Main","Main Rouge",2022,7,22,39
"783","Main12","Shocking",2022-07-22,"gizzard_shad",11,"Main","Main Rouge",2022,7,22,39
"784","Main12","Shocking",2022-07-22,"golden_shiner",5,"Main","Main Rouge",2022,7,22,39
"785","Main12","Shocking",2022-07-22,"goldfish",5,"Main","Main Rouge",2022,7,22,39
"786","Main12","Shocking",2022-07-22,"largemouth_bass",6,"Main","Main Rouge",2022,7,22,39
"787","Main12","Shocking",2022-07-22,"northern_pike",1,"Main","Main Rouge",2022,7,22,39
"788","Main12","Shocking",2022-07-22,"pumpkinseed",5,"Main","Main Rouge",2022,7,22,39
"789","Main12","Shocking",2022-07-22,"spotted_sucker",9,"Main","Main Rouge",2022,7,22,39
"790","Main12","Shocking",2022-07-22,"sunfish_hybrid",1,"Main","Main Rouge",2022,7,22,39
"791","Main12","Shocking",2022-07-22,"white_crappie",1,"Main","Main Rouge",2022,7,22,39
"792","Main12","Shocking",2022-07-22,"white_sucker",3,"Main","Main Rouge",2022,7,22,39
"793","Main12","Shocking",2022-07-22,"yellow_perch",15,"Main","Main Rouge",2022,7,22,39
"794","Main12N","Shocking",2022-07-22,"black_crappie",1,"Main","Main Rouge",2022,7,22,39
"795","Main12N","Shocking",2022-07-22,"bluegill",2,"Main","Main Rouge",2022,7,22,39
"796","Main12N","Shocking",2022-07-22,"brown_bullhead",1,"Main","Main Rouge",2022,7,22,39
"797","Main12N","Shocking",2022-07-22,"common_carp",8,"Main","Main Rouge",2022,7,22,39
"798","Main12N","Shocking",2022-07-22,"freshwater_drum",1,"Main","Main Rouge",2022,7,22,39
"799","Main12N","Shocking",2022-07-22,"gizzard_shad",5,"Main","Main Rouge",2022,7,22,39
"800","Main12N","Shocking",2022-07-22,"goldfish",1,"Main","Main Rouge",2022,7,22,39
"801","Main12N","Shocking",2022-07-22,"largemouth_bass",2,"Main","Main Rouge",2022,7,22,39
"802","Main12N","Shocking",2022-07-22,"northern_pike",1,"Main","Main Rouge",2022,7,22,39
"803","Main12N","Shocking",2022-07-22,"pumpkinseed",2,"Main","Main Rouge",2022,7,22,39
"804","Main12N","Shocking",2022-07-22,"white_crappie",1,"Main","Main Rouge",2022,7,22,39
"805","Main12N","Shocking",2022-07-22,"white_sucker",2,"Main","Main Rouge",2022,7,22,39
"806","Main12N","Shocking",2022-07-22,"yellow_perch",4,"Main","Main Rouge",2022,7,22,39
"807","Main13","Shocking",2022-06-24,"bluegill",1,"Main","Main Rouge",2022,6,24,67
"808","Main13","Shocking",2022-06-24,"bluntnose_minnow",5,"Main","Main Rouge",2022,6,24,67
"809","Main13","Shocking",2022-06-24,"common_shiner",59,"Main","Main Rouge",2022,6,24,67
"810","Main13","Shocking",2022-06-24,"fathead_minnow",1,"Main","Main Rouge",2022,6,24,67
"811","Main13","Shocking",2022-06-24,"hornyhead_chub",8,"Main","Main Rouge",2022,6,24,67
"812","Main13","Shocking",2022-06-24,"johnny_darter",34,"Main","Main Rouge",2022,6,24,67
"813","Main13","Shocking",2022-06-24,"largemouth_bass",5,"Main","Main Rouge",2022,6,24,67
"814","Main13","Shocking",2022-06-24,"pumpkinseed",10,"Main","Main Rouge",2022,6,24,67
"815","Main13","Shocking",2022-06-24,"rock_bass",1,"Main","Main Rouge",2022,6,24,67
"816","Main13","Shocking",2022-06-24,"white_sucker",19,"Main","Main Rouge",2022,6,24,67
"817","Main18","Shocking",2022-06-24,"bluegill",3,"Main","Main Rouge",2022,6,24,67
"818","Main18","Shocking",2022-06-24,"bluntnose_minnow",36,"Main","Main Rouge",2022,6,24,67
"819","Main18","Shocking",2022-06-24,"common_shiner",50,"Main","Main Rouge",2022,6,24,67
"820","Main18","Shocking",2022-06-24,"creek_chub",8,"Main","Main Rouge",2022,6,24,67
"821","Main18","Shocking",2022-06-24,"johnny_darter",26,"Main","Main Rouge",2022,6,24,67
"822","Main18","Shocking",2022-06-24,"largemouth_bass",2,"Main","Main Rouge",2022,6,24,67
"823","Main18","Shocking",2022-06-24,"pumpkinseed",8,"Main","Main Rouge",2022,6,24,67
"824","Main18","Shocking",2022-06-24,"rock_bass",3,"Main","Main Rouge",2022,6,24,67
"825","Main18","Shocking",2022-06-24,"white_sucker",1,"Main","Main Rouge",2022,6,24,67
"826","Main19","Shocking",2022-06-30,"blacknose_dace",1,"Main","Main Rouge",2022,6,30,61
"827","Main19","Shocking",2022-06-30,"blackside_darter",15,"Main","Main Rouge",2022,6,30,61
"828","Main19","Shocking",2022-06-30,"bluegill",2,"Main","Main Rouge",2022,6,30,61
"829","Main19","Shocking",2022-06-30,"common_shiner",25,"Main","Main Rouge",2022,6,30,61
"830","Main19","Shocking",2022-06-30,"creek_chub",12,"Main","Main Rouge",2022,6,30,61
"831","Main19","Shocking",2022-06-30,"green_sunfish",2,"Main","Main Rouge",2022,6,30,61
"832","Main19","Shocking",2022-06-30,"johnny_darter",8,"Main","Main Rouge",2022,6,30,61
"833","Main19","Shocking",2022-06-30,"pumpkinseed",1,"Main","Main Rouge",2022,6,30,61
"834","Main19","Shocking",2022-06-30,"rock_bass",2,"Main","Main Rouge",2022,6,30,61
"835","Main19","Shocking",2022-06-30,"white_sucker",13,"Main","Main Rouge",2022,6,30,61
"836","Main3","Shocking",2022-06-29,"bluntnose_minnow",1,"Main","Main Rouge",2022,6,29,62
"837","Main3","Shocking",2022-06-29,"central_stoneroller",3,"Main","Main Rouge",2022,6,29,62
"838","Main3","Shocking",2022-06-29,"common_shiner",32,"Main","Main Rouge",2022,6,29,62
"839","Main3","Shocking",2022-06-29,"creek_chub",8,"Main","Main Rouge",2022,6,29,62
"840","Main3","Shocking",2022-06-29,"rock_bass",21,"Main","Main Rouge",2022,6,29,62
"841","Main3","Shocking",2022-06-29,"stonecat",1,"Main","Main Rouge",2022,6,29,62
"842","Main3","Shocking",2022-06-29,"white_sucker",24,"Main","Main Rouge",2022,6,29,62
"843","Main5","Shocking",2022-06-23,"blackside_darter",1,"Main","Main Rouge",2022,6,23,68
"844","Main5","Shocking",2022-06-23,"bluegill",3,"Main","Main Rouge",2022,6,23,68
"845","Main5","Shocking",2022-06-23,"bluntnose_minnow",1,"Main","Main Rouge",2022,6,23,68
"846","Main5","Shocking",2022-06-23,"central_stoneroller",8,"Main","Main Rouge",2022,6,23,68
"847","Main5","Shocking",2022-06-23,"common_carp",2,"Main","Main Rouge",2022,6,23,68
"848","Main5","Shocking",2022-06-23,"common_shiner",32,"Main","Main Rouge",2022,6,23,68
"849","Main5","Shocking",2022-06-23,"creek_chub",2,"Main","Main Rouge",2022,6,23,68
"850","Main5","Shocking",2022-06-23,"johnny_darter",2,"Main","Main Rouge",2022,6,23,68
"851","Main5","Shocking",2022-06-23,"rock_bass",4,"Main","Main Rouge",2022,6,23,68
"852","Main5","Shocking",2022-06-23,"stonecat",4,"Main","Main Rouge",2022,6,23,68
"853","Main5","Shocking",2022-06-23,"sunfish_hybrid",1,"Main","Main Rouge",2022,6,23,68
"854","Main5","Shocking",2022-06-23,"white_sucker",19,"Main","Main Rouge",2022,6,23,68
"855","Main6","Shocking",2022-07-07,"blacknose_dace",17,"Main","Main Rouge",2022,7,7,54
"856","Main6","Shocking",2022-07-07,"blackside_darter",6,"Main","Main Rouge",2022,7,7,54
"857","Main6","Shocking",2022-07-07,"bluegill",1,"Main","Main Rouge",2022,7,7,54
"858","Main6","Shocking",2022-07-07,"bluntnose_minnow",18,"Main","Main Rouge",2022,7,7,54
"859","Main6","Shocking",2022-07-07,"brook_stickleback",1,"Main","Main Rouge",2022,7,7,54
"860","Main6","Shocking",2022-07-07,"central_stoneroller",16,"Main","Main Rouge",2022,7,7,54
"861","Main6","Shocking",2022-07-07,"common_shiner",59,"Main","Main Rouge",2022,7,7,54
"862","Main6","Shocking",2022-07-07,"creek_chub",21,"Main","Main Rouge",2022,7,7,54
"863","Main6","Shocking",2022-07-07,"fathead_minnow",24,"Main","Main Rouge",2022,7,7,54
"864","Main6","Shocking",2022-07-07,"goldfish",2,"Main","Main Rouge",2022,7,7,54
"865","Main6","Shocking",2022-07-07,"green_sunfish",7,"Main","Main Rouge",2022,7,7,54
"866","Main6","Shocking",2022-07-07,"johnny_darter",47,"Main","Main Rouge",2022,7,7,54
"867","Main6","Shocking",2022-07-07,"northern_pike",1,"Main","Main Rouge",2022,7,7,54
"868","Main6","Shocking",2022-07-07,"pumpkinseed",5,"Main","Main Rouge",2022,7,7,54
"869","Main6","Shocking",2022-07-07,"rock_bass",17,"Main","Main Rouge",2022,7,7,54
"870","Main6","Shocking",2022-07-07,"stonecat",2,"Main","Main Rouge",2022,7,7,54
"871","Main6","Shocking",2022-07-07,"sunfish_hybrid",3,"Main","Main Rouge",2022,7,7,54
"872","Main6","Shocking",2022-07-07,"white_sucker",160,"Main","Main Rouge",2022,7,7,54
"873","Min2","Shocking",2022-06-16,"blacknose_dace",2,"Upper","Minnow Pond",2022,6,16,75
"874","Min2","Shocking",2022-06-16,"bluegill",9,"Upper","Minnow Pond",2022,6,16,75
"875","Min2","Shocking",2022-06-16,"bluntnose_minnow",1,"Upper","Minnow Pond",2022,6,16,75
"876","Min2","Shocking",2022-06-16,"central_stoneroller",4,"Upper","Minnow Pond",2022,6,16,75
"877","Min2","Shocking",2022-06-16,"common_shiner",4,"Upper","Minnow Pond",2022,6,16,75
"878","Min2","Shocking",2022-06-16,"creek_chub",13,"Upper","Minnow Pond",2022,6,16,75
"879","Min2","Shocking",2022-06-16,"johnny_darter",8,"Upper","Minnow Pond",2022,6,16,75
"880","Min2","Shocking",2022-06-16,"mottled_sculpin",25,"Upper","Minnow Pond",2022,6,16,75
"881","Min2","Shocking",2022-06-16,"pumpkinseed",13,"Upper","Minnow Pond",2022,6,16,75
"882","Min2","Shocking",2022-06-16,"white_sucker",8,"Upper","Minnow Pond",2022,6,16,75
"883","Peb2","Shocking",2022-06-30,"blacknose_dace",74,"Main","Pebble Creek",2022,6,30,61
"884","Peb2","Shocking",2022-06-30,"common_shiner",1,"Main","Pebble Creek",2022,6,30,61
"885","Peb2","Shocking",2022-06-30,"creek_chub",22,"Main","Pebble Creek",2022,6,30,61
"886","Peb2","Shocking",2022-06-30,"green_sunfish",1,"Main","Pebble Creek",2022,6,30,61
"887","Peb2","Shocking",2022-06-30,"white_sucker",22,"Main","Pebble Creek",2022,6,30,61
"888","See3","Shocking",2022-06-15,"blacknose_dace",18,"Upper","Seeley Creek",2022,6,15,76
"889","See3","Shocking",2022-06-15,"bluegill",2,"Upper","Seeley Creek",2022,6,15,76
"890","See3","Shocking",2022-06-15,"central_mudminnow",1,"Upper","Seeley Creek",2022,6,15,76
"891","See3","Shocking",2022-06-15,"central_stoneroller",2,"Upper","Seeley Creek",2022,6,15,76
"892","See3","Shocking",2022-06-15,"common_shiner",21,"Upper","Seeley Creek",2022,6,15,76
"893","See3","Shocking",2022-06-15,"creek_chub",17,"Upper","Seeley Creek",2022,6,15,76
"894","See3","Shocking",2022-06-15,"fathead_minnow",11,"Upper","Seeley Creek",2022,6,15,76
"895","See3","Shocking",2022-06-15,"green_sunfish",2,"Upper","Seeley Creek",2022,6,15,76
"896","See3","Shocking",2022-06-15,"johnny_darter",3,"Upper","Seeley Creek",2022,6,15,76
"897","See3","Shocking",2022-06-15,"mottled_sculpin",1,"Upper","Seeley Creek",2022,6,15,76
"898","See3","Shocking",2022-06-15,"white_sucker",5,"Upper","Seeley Creek",2022,6,15,76
"899","Tar2","Shocking",2022-06-17,"blacknose_dace",40,"Upper","Tarabusi Creek",2022,6,17,74
"900","Tar2","Shocking",2022-06-17,"bluegill",9,"Upper","Tarabusi Creek",2022,6,17,74
"901","Tar2","Shocking",2022-06-17,"bluntnose_minnow",5,"Upper","Tarabusi Creek",2022,6,17,74
"902","Tar2","Shocking",2022-06-17,"common_shiner",38,"Upper","Tarabusi Creek",2022,6,17,74
"903","Tar2","Shocking",2022-06-17,"creek_chub",65,"Upper","Tarabusi Creek",2022,6,17,74
"904","Tar2","Shocking",2022-06-17,"johnny_darter",7,"Upper","Tarabusi Creek",2022,6,17,74
"905","Tar2","Shocking",2022-06-17,"pumpkinseed",6,"Upper","Tarabusi Creek",2022,6,17,74
"906","Tar2","Shocking",2022-06-17,"white_sucker",1,"Upper","Tarabusi Creek",2022,6,17,74
"907","Ton1","Shocking",2022-06-14,"blacknose_dace",11,"Middle","Tonquish Creek",2022,6,14,77
"908","Ton1","Shocking",2022-06-14,"bluegill",1,"Middle","Tonquish Creek",2022,6,14,77
"909","Ton1","Shocking",2022-06-14,"creek_chub",13,"Middle","Tonquish Creek",2022,6,14,77
"910","Ton1","Shocking",2022-06-14,"johnny_darter",2,"Middle","Tonquish Creek",2022,6,14,77
"911","Ton1","Shocking",2022-06-14,"mottled_sculpin",13,"Middle","Tonquish Creek",2022,6,14,77
"912","Ton1","Shocking",2022-06-14,"pumpkinseed",1,"Middle","Tonquish Creek",2022,6,14,77
"913","Ton1","Shocking",2022-06-14,"smallmouth_bass",1,"Middle","Tonquish Creek",2022,6,14,77
"914","Ton3","Shocking",2022-06-14,"blacknose_dace",6,"Middle","Tonquish Creek",2022,6,14,77
"915","Ton3","Shocking",2022-06-14,"bluegill",1,"Middle","Tonquish Creek",2022,6,14,77
"916","Ton3","Shocking",2022-06-14,"common_shiner",7,"Middle","Tonquish Creek",2022,6,14,77
"917","Ton3","Shocking",2022-06-14,"creek_chub",19,"Middle","Tonquish Creek",2022,6,14,77
"918","Ton3","Shocking",2022-06-14,"fathead_minnow",5,"Middle","Tonquish Creek",2022,6,14,77
"919","Ton3","Shocking",2022-06-14,"johnny_darter",7,"Middle","Tonquish Creek",2022,6,14,77
"920","Ton3","Shocking",2022-06-14,"pumpkinseed",3,"Middle","Tonquish Creek",2022,6,14,77
"921","Ton3","Shocking",2022-06-14,"white_sucker",16,"Middle","Tonquish Creek",2022,6,14,77
"922","UR-1","Shocking",2022-06-27,"common_shiner",7,"Upper","Upper Rouge",2022,6,27,64
"923","UR-1","Shocking",2022-06-27,"creek_chub",21,"Upper","Upper Rouge",2022,6,27,64
"924","UR-1","Shocking",2022-06-27,"fathead_minnow",4,"Upper","Upper Rouge",2022,6,27,64
"925","UR-1","Shocking",2022-06-27,"golden_shiner",2,"Upper","Upper Rouge",2022,6,27,64
"926","UR-1","Shocking",2022-06-27,"goldfish",3,"Upper","Upper Rouge",2022,6,27,64
"927","UR-1","Shocking",2022-06-27,"green_sunfish",4,"Upper","Upper Rouge",2022,6,27,64
"928","UR-1","Shocking",2022-06-27,"johnny_darter",21,"Upper","Upper Rouge",2022,6,27,64
"929","UR-1","Shocking",2022-06-27,"pumpkinseed",11,"Upper","Upper Rouge",2022,6,27,64
"930","UR-1","Shocking",2022-06-27,"sunfish_hybrid",1,"Upper","Upper Rouge",2022,6,27,64
"931","UR-1","Shocking",2022-06-27,"white_sucker",33,"Upper","Upper Rouge",2022,6,27,64
"932","UR-2","Shocking",2022-06-27,"blacknose_dace",5,"Upper","Bell Branch",2022,6,27,64
"933","UR-2","Shocking",2022-06-27,"bluntnose_minnow",9,"Upper","Bell Branch",2022,6,27,64
"934","UR-2","Shocking",2022-06-27,"common_shiner",15,"Upper","Bell Branch",2022,6,27,64
"935","UR-2","Shocking",2022-06-27,"creek_chub",51,"Upper","Bell Branch",2022,6,27,64
"936","UR-2","Shocking",2022-06-27,"fathead_minnow",7,"Upper","Bell Branch",2022,6,27,64
"937","UR-2","Shocking",2022-06-27,"johnny_darter",6,"Upper","Bell Branch",2022,6,27,64
"938","UR-2","Shocking",2022-06-27,"pumpkinseed",7,"Upper","Bell Branch",2022,6,27,64
"939","UR-2","Shocking",2022-06-27,"white_sucker",36,"Upper","Bell Branch",2022,6,27,64
"940","Up1","Shocking",2022-06-16,"american_brook_lamprey",1,"Upper","Upper Rouge",2022,6,16,75
"941","Up1","Shocking",2022-06-16,"blacknose_dace",9,"Upper","Upper Rouge",2022,6,16,75
"942","Up1","Shocking",2022-06-16,"bluegill",1,"Upper","Upper Rouge",2022,6,16,75
"943","Up1","Shocking",2022-06-16,"central_stoneroller",1,"Upper","Upper Rouge",2022,6,16,75
"944","Up1","Shocking",2022-06-16,"common_shiner",14,"Upper","Upper Rouge",2022,6,16,75
"945","Up1","Shocking",2022-06-16,"creek_chub",17,"Upper","Upper Rouge",2022,6,16,75
"946","Up1","Shocking",2022-06-16,"green_sunfish",4,"Upper","Upper Rouge",2022,6,16,75
"947","Up1","Shocking",2022-06-16,"johnny_darter",3,"Upper","Upper Rouge",2022,6,16,75
"948","Up1","Shocking",2022-06-16,"mottled_sculpin",7,"Upper","Upper Rouge",2022,6,16,75
"949","Up1","Shocking",2022-06-16,"northern_hog_sucker",23,"Upper","Upper Rouge",2022,6,16,75
"950","Up1","Shocking",2022-06-16,"pumpkinseed",1,"Upper","Upper Rouge",2022,6,16,75
"951","Up1","Shocking",2022-06-16,"rainbow_darter",3,"Upper","Upper Rouge",2022,6,16,75
"952","Up1","Shocking",2022-06-16,"white_sucker",11,"Upper","Upper Rouge",2022,6,16,75
"953","Wall2","Shocking",2022-07-06,"blacknose_dace",97,"Middle","Walled Lk Drainage",2022,7,6,55
"954","Wall2","Shocking",2022-07-06,"bluegill",1,"Middle","Walled Lk Drainage",2022,7,6,55
"955","Wall2","Shocking",2022-07-06,"creek_chub",28,"Middle","Walled Lk Drainage",2022,7,6,55
"956","Wall2","Shocking",2022-07-06,"green_sunfish",1,"Middle","Walled Lk Drainage",2022,7,6,55
"957","Wall2","Shocking",2022-07-06,"johnny_darter",2,"Middle","Walled Lk Drainage",2022,7,6,55
"958","Wall2","Shocking",2022-07-06,"white_sucker",2,"Middle","Walled Lk Drainage",2022,7,6,55
"959","Will1","Shocking",2022-07-26,"central_stoneroller",2,"Middle","Willow Creek",2022,7,26,35
"960","Will1","Shocking",2022-07-26,"common_shiner",3,"Middle","Willow Creek",2022,7,26,35
"961","Will1","Shocking",2022-07-26,"creek_chub",38,"Middle","Willow Creek",2022,7,26,35
"962","Will1","Shocking",2022-07-26,"fathead_minnow",43,"Middle","Willow Creek",2022,7,26,35
"963","Will1","Shocking",2022-07-26,"green_sunfish",2,"Middle","Willow Creek",2022,7,26,35
"964","Will1","Shocking",2022-07-26,"johnny_darter",74,"Middle","Willow Creek",2022,7,26,35
"965","Will1","Shocking",2022-07-26,"largemouth_bass",1,"Middle","Willow Creek",2022,7,26,35
"966","Will1","Shocking",2022-07-26,"white_sucker",76,"Middle","Willow Creek",2022,7,26,35
